study,block,fleet_seed,evaluator_seed,arm,reused_reference,offered,admitted,successes,attainment_pct
baseline,0,100,200,ingress_dla,True,1744761,1655779,1525913,87.45684939083347
baseline,0,100,200,dla,True,1744761,1582636,1459384,83.64377699868349
baseline,0,100,200,per_task_dla,True,1744761,1737398,1605152,91.99838831794155
baseline,0,100,200,causal_round_robin,True,1744761,1726560,1592830,91.29215978578155
baseline,1,101,201,ingress_dla,True,1740970,1662805,1534040,88.11409731356657
baseline,1,101,201,dla,True,1740970,1593599,1470819,84.48273089139963
baseline,1,101,201,per_task_dla,True,1740970,1736301,1607919,92.35765119444908
baseline,1,101,201,causal_round_robin,True,1740970,1727104,1596377,91.69468744435574
baseline,2,102,202,ingress_dla,True,1741855,1639136,1510719,86.73046837997423
baseline,2,102,202,dla,True,1741855,1556771,1436166,82.45037617941792
baseline,2,102,202,per_task_dla,True,1741855,1732694,1598164,91.75069107359683
baseline,2,102,202,causal_round_robin,True,1741855,1718789,1583772,90.92444549058331
baseline,3,103,203,ingress_dla,True,1744227,1677045,1557192,89.27691177811145
baseline,3,103,203,dla,True,1744227,1616965,1501691,86.09492915773005
baseline,3,103,203,per_task_dla,True,1744227,1740631,1624157,93.11614829950459
baseline,3,103,203,causal_round_robin,True,1744227,1734468,1614712,92.57464768060579
baseline,4,104,204,ingress_dla,True,1743484,1680263,1560221,89.48869046116856
baseline,4,104,204,dla,True,1743484,1623533,1507624,86.47191485554212
baseline,4,104,204,per_task_dla,True,1743484,1738717,1622888,93.0830452129185
baseline,4,104,204,causal_round_robin,True,1743484,1732685,1613895,92.56723893078457
baseline,5,105,205,ingress_dla,True,1745078,1685944,1564006,89.62384489403912
baseline,5,105,205,dla,True,1745078,1629177,1511177,86.59653035566319
baseline,5,105,205,per_task_dla,True,1745078,1740768,1623996,93.06151358277396
baseline,5,105,205,causal_round_robin,True,1745078,1735213,1614934,92.54222447363384
baseline,6,106,206,ingress_dla,True,1742095,1669339,1541879,88.50717096369601
baseline,6,106,206,dla,True,1742095,1603847,1481655,85.05018383038812
baseline,6,106,206,per_task_dla,True,1742095,1736400,1611494,92.50322169571695
baseline,6,106,206,causal_round_robin,True,1742095,1729087,1601138,91.90876502142535
baseline,7,107,207,ingress_dla,True,1744742,1657846,1531566,87.78180384263118
baseline,7,107,207,dla,True,1744742,1588286,1468334,84.15765769380229
baseline,7,107,207,per_task_dla,True,1744742,1736713,1608728,92.20434883782244
baseline,7,107,207,causal_round_robin,True,1744742,1726431,1596904,91.52665551697615
07_two_choice,0,100,200,dla_p2c,False,1744761,1726968,1592972,91.30029843629013
07_two_choice,1,101,201,dla_p2c,False,1740970,1727388,1596165,91.68251032470404
07_two_choice,2,102,202,dla_p2c,False,1741855,1719188,1583750,90.92318246926409
07_two_choice,3,103,203,dla_p2c,False,1744227,1734272,1614028,92.53543260137586
07_two_choice,4,104,204,dla_p2c,False,1743484,1732562,1612905,92.51045607530668
07_two_choice,5,105,205,dla_p2c,False,1745078,1735342,1614577,92.52176693534615
07_two_choice,6,106,206,dla_p2c,False,1742095,1729244,1600800,91.88936309443515
07_two_choice,7,107,207,dla_p2c,False,1744742,1726899,1596804,91.52092401054139
08_half_speed,0,100,200,ingress_dla,False,1744761,1588043,1459542,83.65283268023529
08_half_speed,0,100,200,dla,False,1744761,1518266,1395027,79.95519157065065
08_half_speed,0,100,200,per_task_dla,False,1744761,1681045,1535482,88.00529126911938
08_half_speed,0,100,200,causal_round_robin,False,1744761,1659213,1520911,87.17016256094675
08_half_speed,1,101,201,ingress_dla,False,1740970,1599204,1471320,84.51150795246328
08_half_speed,1,101,201,dla,False,1740970,1532916,1410211,81.00145321286409
08_half_speed,1,101,201,per_task_dla,False,1740970,1689282,1545448,88.76936420501215
08_half_speed,1,101,201,causal_round_robin,False,1740970,1667559,1530919,87.934829434166
08_half_speed,2,102,202,ingress_dla,False,1741855,1565474,1438365,82.57662090128053
08_half_speed,2,102,202,dla,False,1741855,1487822,1366432,78.44694305783203
08_half_speed,2,102,202,per_task_dla,False,1741855,1661207,1516187,87.0443865878618
08_half_speed,2,102,202,causal_round_robin,False,1741855,1639322,1501980,86.22876186594176
08_half_speed,3,103,203,ingress_dla,False,1744227,1618861,1499534,85.9712640613865
08_half_speed,3,103,203,dla,False,1744227,1560806,1446894,82.95330825632215
08_half_speed,3,103,203,per_task_dla,False,1744227,1707571,1573341,90.2027660390534
08_half_speed,3,103,203,causal_round_robin,False,1744227,1685631,1558388,89.34548083477667
08_half_speed,4,104,204,ingress_dla,False,1743484,1624312,1504825,86.31137423687284
08_half_speed,4,104,204,dla,False,1743484,1568453,1453308,83.356543564495
08_half_speed,4,104,204,per_task_dla,False,1743484,1706943,1574514,90.30848576757802
08_half_speed,4,104,204,causal_round_robin,False,1743484,1687632,1560684,89.51524648347791
08_half_speed,5,105,205,ingress_dla,False,1745078,1631204,1509716,86.51280916956148
08_half_speed,5,105,205,dla,False,1745078,1574765,1458024,83.55064931195052
08_half_speed,5,105,205,per_task_dla,False,1745078,1711770,1577833,90.41618770049247
08_half_speed,5,105,205,causal_round_robin,False,1745078,1692076,1563785,89.61118070367056
08_half_speed,6,106,206,ingress_dla,False,1742095,1608471,1481940,85.06654344338283
08_half_speed,6,106,206,dla,False,1742095,1545636,1424085,81.74554200545894
08_half_speed,6,106,206,per_task_dla,False,1742095,1697873,1555557,89.29231758313983
08_half_speed,6,106,206,causal_round_robin,False,1742095,1675745,1540655,88.43691073104509
08_half_speed,7,107,207,ingress_dla,False,1744742,1591762,1467014,84.08200180886342
08_half_speed,7,107,207,dla,False,1744742,1524432,1404658,80.50806365640307
08_half_speed,7,107,207,per_task_dla,False,1744742,1682743,1541809,88.36888204674388
08_half_speed,7,107,207,causal_round_robin,False,1744742,1661955,1527944,87.57420867956408
09_second_actor,0,100,200,ingress_dla,False,1744761,1673949,1546286,88.62451648105385
09_second_actor,0,100,200,dla,False,1744761,1602565,1480698,84.86537697713325
09_second_actor,0,100,200,per_task_dla,False,1744761,1741125,1614199,92.51691205844239
09_second_actor,0,100,200,causal_round_robin,False,1744761,1732894,1603533,91.90559623925569
09_second_actor,1,101,201,ingress_dla,False,1740970,1680803,1552330,89.1646610797429
09_second_actor,1,101,201,dla,False,1740970,1614487,1490946,85.6388105481427
09_second_actor,1,101,201,per_task_dla,False,1740970,1738606,1613919,92.70228665628932
09_second_actor,1,101,201,causal_round_robin,False,1740970,1732432,1604216,92.14495367525001
09_second_actor,2,102,202,ingress_dla,False,1741855,1660743,1531696,87.93475920785599
09_second_actor,2,102,202,dla,False,1741855,1582683,1460360,83.83935517020647
09_second_actor,2,102,202,per_task_dla,False,1741855,1737591,1607027,92.25951643506491
09_second_actor,2,102,202,causal_round_robin,False,1741855,1727175,1594933,91.56519916985053
09_second_actor,3,103,203,ingress_dla,False,1744227,1690649,1575520,90.32769243911487
09_second_actor,3,103,203,dla,False,1744227,1630287,1519408,87.11067997456753
09_second_actor,3,103,203,per_task_dla,False,1744227,1742914,1633133,93.63076021641679
09_second_actor,3,103,203,causal_round_robin,False,1744227,1738218,1624746,93.1499168399526
09_second_actor,4,104,204,ingress_dla,False,1743484,1693302,1578943,90.56251735031695
09_second_actor,4,104,204,dla,False,1743484,1638428,1527315,87.60132011535524
09_second_actor,4,104,204,per_task_dla,False,1743484,1740960,1632728,93.64743238251684
09_second_actor,4,104,204,causal_round_robin,False,1743484,1736467,1624518,93.17653617698815
09_second_actor,5,105,205,ingress_dla,False,1745078,1700183,1584672,90.80808995357228
09_second_actor,5,105,205,dla,False,1745078,1645490,1533055,87.85022789812261
09_second_actor,5,105,205,per_task_dla,False,1745078,1743261,1634952,93.68933652249355
09_second_actor,5,105,205,causal_round_robin,False,1745078,1739207,1626984,93.2327380208793
09_second_actor,6,106,206,ingress_dla,False,1742095,1686732,1564465,89.80365594298819
09_second_actor,6,106,206,dla,False,1742095,1623177,1505490,86.41836409610268
09_second_actor,6,106,206,per_task_dla,False,1742095,1740291,1623540,93.19468800495954
09_second_actor,6,106,206,causal_round_robin,False,1742095,1735030,1614450,92.67290245365494
09_second_actor,7,107,207,ingress_dla,False,1744742,1673307,1550744,88.88099214668988
09_second_actor,7,107,207,dla,False,1744742,1604070,1487565,85.25988369627143
09_second_actor,7,107,207,per_task_dla,False,1744742,1740463,1618729,92.77755679636302
09_second_actor,7,107,207,causal_round_robin,False,1744742,1732098,1608181,92.1729974976243
