trace,block,fleet_seed,evaluator_seed,arm,offered,admitted,successes,attainment_pct
we,0,100,200,ingress_dla,4147426,3931561,3630715,87.541405199273
we,0,100,200,dla,4147426,3739040,3453479,83.26800767512186
we,0,100,200,per_task_dla,4147426,4141635,3846304,92.73954496113976
we,0,100,200,causal_round_robin,4147426,4118330,3814484,91.97232211014736
we,0,100,200,dla_p2c,4147426,4118096,3813112,91.93924135114165
we,1,101,201,ingress_dla,4145013,3989145,3694856,89.13979280643993
we,1,101,201,dla,4145013,3840755,3554994,85.76556937215878
we,1,101,201,per_task_dla,4145013,4139074,3863508,93.20858583555709
we,1,101,201,causal_round_robin,4145013,4125904,3839303,92.62463109283372
we,1,101,201,dla_p2c,4145013,4125144,3836703,92.56190511344596
we,2,102,202,ingress_dla,4150655,4046228,3773392,90.91075986802083
we,2,102,202,dla,4150655,3944955,3673807,88.51149999216992
we,2,102,202,per_task_dla,4150655,4147440,3905789,94.10054557654153
we,2,102,202,causal_round_robin,4150655,4143541,3888616,93.68680364906261
we,2,102,202,dla_p2c,4150655,4142393,3885334,93.60773179172925
we,3,103,203,ingress_dla,4149105,4046257,3774393,90.9688474984364
we,3,103,203,dla,4149105,3940993,3671648,88.49253031677917
we,3,103,203,per_task_dla,4149105,4146438,3904102,94.09503977363794
we,3,103,203,causal_round_robin,4149105,4142283,3886667,93.67482866786933
we,3,103,203,dla_p2c,4149105,4141123,3883484,93.59811332805509
we,4,104,204,ingress_dla,4146842,4041422,3766412,90.82603098936492
we,4,104,204,dla,4146842,3931547,3659225,88.24124478337974
we,4,104,204,per_task_dla,4146842,4143096,3896834,93.97112308595312
we,4,104,204,causal_round_robin,4146842,4138408,3879681,93.55748301960865
we,4,104,204,dla_p2c,4146842,4137257,3876319,93.47640927722831
we,5,105,205,ingress_dla,4147592,4068541,3802077,91.6695036541685
we,5,105,205,dla,4147592,3986265,3717944,89.64102544319692
we,5,105,205,per_task_dla,4147592,4143873,3909061,94.24892805271107
we,5,105,205,causal_round_robin,4147592,4141769,3894721,93.90318526991084
we,5,105,205,dla_p2c,4147592,4140729,3891461,93.8245854462059
we,6,106,206,ingress_dla,4151381,4023023,3739554,90.07975900067953
we,6,106,206,dla,4151381,3898661,3621077,87.22584123211047
we,6,106,206,per_task_dla,4151381,4148295,3890762,93.7221131955848
we,6,106,206,causal_round_robin,4151381,4141238,3870871,93.24297143528864
we,6,106,206,dla_p2c,4151381,4139937,3867701,93.1666113035638
we,7,107,207,ingress_dla,4151148,3954448,3654467,88.03509294296421
we,7,107,207,dla,4151148,3775947,3489319,84.05672358586106
we,7,107,207,per_task_dla,4151148,4146669,3856933,92.91244253396891
we,7,107,207,causal_round_robin,4151148,4127578,3828712,92.2326064982506
we,7,107,207,dla_p2c,4151148,4127181,3826589,92.1814640191099
wd_pm,0,100,200,ingress_dla,3917922,3555944,3257653,83.14746950041373
wd_pm,0,100,200,dla,3917922,3285608,3015588,76.96906676549456
wd_pm,0,100,200,per_task_dla,3917922,3867795,3531984,90.14942104513567
wd_pm,0,100,200,causal_round_robin,3917922,3810820,3481992,88.87343852174699
wd_pm,0,100,200,dla_p2c,3917922,3816038,3486076,88.97767745248629
wd_pm,1,101,201,ingress_dla,3919033,3770639,3516119,89.71904548902752
wd_pm,1,101,201,dla,3919033,3632121,3385548,86.38733075225444
wd_pm,1,101,201,per_task_dla,3919033,3916120,3680895,93.92355205990866
wd_pm,1,101,201,causal_round_robin,3919033,3907042,3660224,93.39610051765321
wd_pm,1,101,201,dla_p2c,3919033,3906081,3657532,93.32741010346174
wd_pm,2,102,202,ingress_dla,3915870,3803252,3560403,90.9224003861211
wd_pm,2,102,202,dla,3915870,3689712,3451152,88.1324456634158
wd_pm,2,102,202,per_task_dla,3915870,3912077,3695510,94.37264260560234
wd_pm,2,102,202,causal_round_robin,3915870,3907752,3679061,93.95258269554402
wd_pm,2,102,202,dla_p2c,3915870,3906697,3676313,93.88240671932418
wd_pm,3,103,203,ingress_dla,3915527,3799737,3546778,90.58239159122131
wd_pm,3,103,203,dla,3915527,3675340,3427414,87.53391305946812
wd_pm,3,103,203,per_task_dla,3915527,3911256,3682696,94.0536484616247
wd_pm,3,103,203,causal_round_robin,3915527,3905904,3665367,93.611077129592
wd_pm,3,103,203,dla_p2c,3915527,3904913,3662514,93.5382133745981
wd_pm,4,104,204,ingress_dla,3920173,3751817,3492944,89.10178198768268
wd_pm,4,104,204,dla,3920173,3594168,3346389,85.3632990176709
wd_pm,4,104,204,per_task_dla,3920173,3917163,3672244,93.6755597265733
wd_pm,4,104,204,causal_round_robin,3920173,3904032,3648402,93.0673722817845
wd_pm,4,104,204,dla_p2c,3920173,3903359,3646155,93.01005338284816
wd_pm,5,105,205,ingress_dla,3920959,3742216,3479222,88.73395513699582
wd_pm,5,105,205,dla,3920959,3578725,3328032,84.8780107111551
wd_pm,5,105,205,per_task_dla,3920959,3918078,3667199,93.52811391294834
wd_pm,5,105,205,causal_round_robin,3920959,3903961,3642644,92.90186405927733
wd_pm,5,105,205,dla_p2c,3920959,3903089,3640804,92.85493676419468
wd_pm,6,106,206,ingress_dla,3916941,3745182,3490524,89.11351996366552
wd_pm,6,106,206,dla,3916941,3594148,3350009,85.5261542106455
wd_pm,6,106,206,per_task_dla,3916941,3911867,3668802,93.6649798911957
wd_pm,6,106,206,causal_round_robin,3916941,3897876,3645261,93.06397517858962
wd_pm,6,106,206,dla_p2c,3916941,3897193,3643563,93.0206250234558
wd_pm,7,107,207,ingress_dla,3919696,3835722,3602479,91.90710197933717
wd_pm,7,107,207,dla,3919696,3748331,3515428,89.68624097378981
wd_pm,7,107,207,per_task_dla,3919696,3916870,3713134,94.73015254244207
wd_pm,7,107,207,causal_round_robin,3919696,3915222,3699677,94.38683510149767
wd_pm,7,107,207,dla_p2c,3919696,3914211,3696920,94.31649801413171
ev,0,100,200,ingress_dla,2840089,2731434,2549902,89.78246808462693
ev,0,100,200,dla,2840089,2603686,2427178,85.46133589475541
ev,0,100,200,per_task_dla,2840089,2838538,2680229,94.37130315282373
ev,0,100,200,causal_round_robin,2840089,2833293,2665280,93.8449464083696
ev,0,100,200,dla_p2c,2840089,2832598,2662288,93.73959759711755
ev,1,101,201,ingress_dla,2837668,2755757,2581086,90.95799790532226
ev,1,101,201,dla,2837668,2652209,2479034,87.36166457809723
ev,1,101,201,per_task_dla,2837668,2836255,2691446,94.847106849709
ev,1,101,201,causal_round_robin,2837668,2834725,2679201,94.41559054829528
ev,1,101,201,dla_p2c,2837668,2833903,2675781,94.29506904965626
ev,2,102,202,ingress_dla,2835137,2736351,2551384,89.99155949077593
ev,2,102,202,dla,2835137,2604293,2423133,85.46793329563968
ev,2,102,202,per_task_dla,2835137,2832796,2678521,94.47589305208179
ev,2,102,202,causal_round_robin,2835137,2830406,2663270,93.9379649025779
ev,2,102,202,dla_p2c,2835137,2829172,2660092,93.8258715540025
ev,3,103,203,ingress_dla,2838084,2771070,2598794,91.56860755354668
ev,3,103,203,dla,2838084,2675625,2502864,88.18851027665143
ev,3,103,203,per_task_dla,2838084,2836260,2693590,94.90874829638587
ev,3,103,203,causal_round_robin,2838084,2835169,2682438,94.51580714312895
ev,3,103,203,dla_p2c,2838084,2834464,2679338,94.40657852269348
ev,4,104,204,ingress_dla,2836362,2720280,2531454,89.250032259634
ev,4,104,204,dla,2836362,2579547,2396143,84.47944937916951
ev,4,104,204,per_task_dla,2836362,2834205,2673068,94.24283642214922
ev,4,104,204,causal_round_robin,2836362,2830334,2656391,93.65486492908875
ev,4,104,204,dla_p2c,2836362,2829152,2653166,93.54116294041452
ev,5,105,205,ingress_dla,2839296,2787785,2619728,92.26681543593905
ev,5,105,205,dla,2839296,2714680,2545048,89.6365859706068
ev,5,105,205,per_task_dla,2839296,2837096,2696767,94.9801288770174
ev,5,105,205,causal_round_robin,2839296,2836723,2688322,94.68269599224597
ev,5,105,205,dla_p2c,2839296,2836125,2685373,94.57883221756379
ev,6,106,206,ingress_dla,2836741,2777592,2608748,91.96285455739526
ev,6,106,206,dla,2836741,2696801,2527057,89.08310628287884
ev,6,106,206,per_task_dla,2836741,2835038,2693073,94.93545586290747
ev,6,106,206,causal_round_robin,2836741,2834064,2683486,94.59749762139018
ev,6,106,206,dla_p2c,2836741,2833447,2680818,94.50344603190774
ev,7,107,207,ingress_dla,2837568,2780425,2616555,92.21118225184384
ev,7,107,207,dla,2837568,2707332,2541686,89.57269041658209
ev,7,107,207,per_task_dla,2837568,2836452,2698772,95.1086282337551
ev,7,107,207,causal_round_robin,2837568,2835750,2690014,94.79998364796897
ev,7,107,207,dla_p2c,2837568,2835191,2687486,94.71089327198503
