N,R,K,fixture,policy,rep,milliseconds
215,9,5,sparse,ingress_dla,0,0.809625
215,9,5,sparse,ingress_dla,1,0.851166
215,9,5,sparse,ingress_dla,2,0.828792
215,9,5,sparse,ingress_dla,3,0.812292
215,9,5,sparse,ingress_dla,4,0.811541
215,9,5,sparse,ingress_dla,5,0.809791
215,9,5,sparse,ingress_dla,6,1.008375
215,9,5,sparse,ingress_dla,7,1.042917
215,9,5,sparse,ingress_dla,8,1.052292
215,9,5,sparse,ingress_dla,9,1.04225
215,9,5,sparse,ingress_dla,10,1.140833
215,9,5,sparse,ingress_dla,11,1.05925
215,9,5,sparse,ingress_dla,12,1.031
215,9,5,sparse,ingress_dla,13,1.054291
215,9,5,sparse,ingress_dla,14,1.069167
215,9,5,sparse,ingress_dla,15,1.07075
215,9,5,sparse,ingress_dla,16,1.039
215,9,5,sparse,ingress_dla,17,1.02275
215,9,5,sparse,ingress_dla,18,1.030041
215,9,5,sparse,ingress_dla,19,1.040333
215,9,5,sparse,ingress_dla,20,1.035541
215,9,5,sparse,ingress_dla,21,1.039042
215,9,5,sparse,ingress_dla,22,1.021541
215,9,5,sparse,ingress_dla,23,1.0265
215,9,5,sparse,ingress_dla,24,1.037375
215,9,5,sparse,ingress_dla,25,1.056125
215,9,5,sparse,ingress_dla,26,1.014833
215,9,5,sparse,ingress_dla,27,1.02975
215,9,5,sparse,ingress_dla,28,1.04175
215,9,5,sparse,ingress_dla,29,1.031
215,9,5,sparse,ingress_dla,30,1.058708
215,9,5,sparse,ingress_dla,31,1.054167
215,9,5,sparse,ingress_dla,32,1.043459
215,9,5,sparse,ingress_dla,33,1.032167
215,9,5,sparse,ingress_dla,34,1.062125
215,9,5,sparse,ingress_dla,35,1.031458
215,9,5,sparse,ingress_dla,36,1.033542
215,9,5,sparse,ingress_dla,37,1.031625
215,9,5,sparse,ingress_dla,38,1.051916
215,9,5,sparse,ingress_dla,39,1.049625
215,9,5,sparse,ingress_dla,40,1.202666
215,9,5,sparse,ingress_dla,41,1.110917
215,9,5,sparse,ingress_dla,42,1.048458
215,9,5,sparse,ingress_dla,43,1.097917
215,9,5,sparse,ingress_dla,44,1.016667
215,9,5,sparse,ingress_dla,45,1.069375
215,9,5,sparse,ingress_dla,46,1.155
215,9,5,sparse,ingress_dla,47,1.101792
215,9,5,sparse,ingress_dla,48,1.032125
215,9,5,sparse,ingress_dla,49,1.030708
215,9,5,sparse,ingress_dla,50,1.036125
215,9,5,sparse,ingress_dla,51,1.004083
215,9,5,sparse,ingress_dla,52,1.0065
215,9,5,sparse,ingress_dla,53,1.006167
215,9,5,sparse,ingress_dla,54,1.002416
215,9,5,sparse,ingress_dla,55,1.006709
215,9,5,sparse,ingress_dla,56,1.016958
215,9,5,sparse,ingress_dla,57,1.009334
215,9,5,sparse,ingress_dla,58,1.005208
215,9,5,sparse,ingress_dla,59,1.006959
215,9,5,sparse,ingress_dla,60,1.007375
215,9,5,sparse,ingress_dla,61,1.026541
215,9,5,sparse,ingress_dla,62,1.016833
215,9,5,sparse,ingress_dla,63,1.018917
215,9,5,sparse,ingress_dla,64,1.032208
215,9,5,sparse,ingress_dla,65,1.02125
215,9,5,sparse,ingress_dla,66,1.005125
215,9,5,sparse,ingress_dla,67,1.010208
215,9,5,sparse,ingress_dla,68,0.992708
215,9,5,sparse,ingress_dla,69,1.00925
215,9,5,sparse,ingress_dla,70,1.025833
215,9,5,sparse,ingress_dla,71,1.0285
215,9,5,sparse,ingress_dla,72,1.038083
215,9,5,sparse,ingress_dla,73,1.073417
215,9,5,sparse,ingress_dla,74,1.034417
215,9,5,sparse,ingress_dla,75,1.047625
215,9,5,sparse,ingress_dla,76,1.062083
215,9,5,sparse,ingress_dla,77,1.01625
215,9,5,sparse,ingress_dla,78,1.028667
215,9,5,sparse,ingress_dla,79,1.018667
215,9,5,sparse,ingress_dla,80,1.055583
215,9,5,sparse,ingress_dla,81,1.006292
215,9,5,sparse,ingress_dla,82,1.018875
215,9,5,sparse,ingress_dla,83,1.125459
215,9,5,sparse,ingress_dla,84,1.033375
215,9,5,sparse,ingress_dla,85,1.003209
215,9,5,sparse,ingress_dla,86,1.001416
215,9,5,sparse,ingress_dla,87,1.00525
215,9,5,sparse,ingress_dla,88,1.0335
215,9,5,sparse,ingress_dla,89,1.028792
215,9,5,sparse,ingress_dla,90,0.980708
215,9,5,sparse,ingress_dla,91,0.970292
215,9,5,sparse,ingress_dla,92,1.014792
215,9,5,sparse,ingress_dla,93,1.040792
215,9,5,sparse,ingress_dla,94,1.053917
215,9,5,sparse,ingress_dla,95,1.02275
215,9,5,sparse,ingress_dla,96,1.02625
215,9,5,sparse,ingress_dla,97,1.025208
215,9,5,sparse,ingress_dla,98,1.041959
215,9,5,sparse,ingress_dla,99,1.035875
215,9,5,sparse,dla,0,0.97075
215,9,5,sparse,dla,1,0.956209
215,9,5,sparse,dla,2,0.967625
215,9,5,sparse,dla,3,0.976833
215,9,5,sparse,dla,4,0.923833
215,9,5,sparse,dla,5,0.96875
215,9,5,sparse,dla,6,0.955375
215,9,5,sparse,dla,7,0.925
215,9,5,sparse,dla,8,0.947584
215,9,5,sparse,dla,9,0.961166
215,9,5,sparse,dla,10,0.957333
215,9,5,sparse,dla,11,0.987042
215,9,5,sparse,dla,12,0.995084
215,9,5,sparse,dla,13,0.906917
215,9,5,sparse,dla,14,1.011333
215,9,5,sparse,dla,15,1.001791
215,9,5,sparse,dla,16,0.97125
215,9,5,sparse,dla,17,0.995125
215,9,5,sparse,dla,18,0.997583
215,9,5,sparse,dla,19,1.001583
215,9,5,sparse,dla,20,0.975458
215,9,5,sparse,dla,21,0.984292
215,9,5,sparse,dla,22,0.973458
215,9,5,sparse,dla,23,0.965542
215,9,5,sparse,dla,24,0.980666
215,9,5,sparse,dla,25,0.941792
215,9,5,sparse,dla,26,0.924125
215,9,5,sparse,dla,27,0.943542
215,9,5,sparse,dla,28,0.923708
215,9,5,sparse,dla,29,0.915792
215,9,5,sparse,dla,30,0.935375
215,9,5,sparse,dla,31,0.925458
215,9,5,sparse,dla,32,0.90925
215,9,5,sparse,dla,33,0.959458
215,9,5,sparse,dla,34,0.955208
215,9,5,sparse,dla,35,0.899
215,9,5,sparse,dla,36,0.948541
215,9,5,sparse,dla,37,0.960334
215,9,5,sparse,dla,38,1.002458
215,9,5,sparse,dla,39,0.988791
215,9,5,sparse,dla,40,0.977542
215,9,5,sparse,dla,41,0.936166
215,9,5,sparse,dla,42,0.912292
215,9,5,sparse,dla,43,0.902958
215,9,5,sparse,dla,44,0.9725
215,9,5,sparse,dla,45,0.986
215,9,5,sparse,dla,46,1.01075
215,9,5,sparse,dla,47,1.0045
215,9,5,sparse,dla,48,0.952417
215,9,5,sparse,dla,49,0.984667
215,9,5,sparse,dla,50,1.005208
215,9,5,sparse,dla,51,1.004958
215,9,5,sparse,dla,52,0.993083
215,9,5,sparse,dla,53,0.962167
215,9,5,sparse,dla,54,0.912542
215,9,5,sparse,dla,55,0.952583
215,9,5,sparse,dla,56,0.960541
215,9,5,sparse,dla,57,0.921084
215,9,5,sparse,dla,58,0.934583
215,9,5,sparse,dla,59,0.9425
215,9,5,sparse,dla,60,0.915334
215,9,5,sparse,dla,61,0.918
215,9,5,sparse,dla,62,0.91675
215,9,5,sparse,dla,63,0.908458
215,9,5,sparse,dla,64,0.9225
215,9,5,sparse,dla,65,0.929708
215,9,5,sparse,dla,66,0.949292
215,9,5,sparse,dla,67,0.941708
215,9,5,sparse,dla,68,0.921208
215,9,5,sparse,dla,69,0.959
215,9,5,sparse,dla,70,0.938292
215,9,5,sparse,dla,71,0.949791
215,9,5,sparse,dla,72,0.944958
215,9,5,sparse,dla,73,0.987041
215,9,5,sparse,dla,74,0.91775
215,9,5,sparse,dla,75,0.938458
215,9,5,sparse,dla,76,0.932875
215,9,5,sparse,dla,77,0.931375
215,9,5,sparse,dla,78,0.907042
215,9,5,sparse,dla,79,0.956125
215,9,5,sparse,dla,80,0.988042
215,9,5,sparse,dla,81,0.945792
215,9,5,sparse,dla,82,0.958417
215,9,5,sparse,dla,83,0.9385
215,9,5,sparse,dla,84,0.963084
215,9,5,sparse,dla,85,0.950458
215,9,5,sparse,dla,86,0.943625
215,9,5,sparse,dla,87,0.956334
215,9,5,sparse,dla,88,1.003458
215,9,5,sparse,dla,89,0.913666
215,9,5,sparse,dla,90,1.045167
215,9,5,sparse,dla,91,0.960333
215,9,5,sparse,dla,92,0.91325
215,9,5,sparse,dla,93,0.933417
215,9,5,sparse,dla,94,0.943
215,9,5,sparse,dla,95,0.935166
215,9,5,sparse,dla,96,0.943667
215,9,5,sparse,dla,97,0.961667
215,9,5,sparse,dla,98,0.944541
215,9,5,sparse,dla,99,1.001667
215,9,5,sparse,per_task_dla,0,0.056708
215,9,5,sparse,per_task_dla,1,0.053417
215,9,5,sparse,per_task_dla,2,0.052875
215,9,5,sparse,per_task_dla,3,0.053
215,9,5,sparse,per_task_dla,4,0.052625
215,9,5,sparse,per_task_dla,5,0.05275
215,9,5,sparse,per_task_dla,6,0.052
215,9,5,sparse,per_task_dla,7,0.052083
215,9,5,sparse,per_task_dla,8,0.052
215,9,5,sparse,per_task_dla,9,0.0525
215,9,5,sparse,per_task_dla,10,0.05225
215,9,5,sparse,per_task_dla,11,0.05275
215,9,5,sparse,per_task_dla,12,0.052583
215,9,5,sparse,per_task_dla,13,0.052167
215,9,5,sparse,per_task_dla,14,0.052583
215,9,5,sparse,per_task_dla,15,0.052791
215,9,5,sparse,per_task_dla,16,0.059833
215,9,5,sparse,per_task_dla,17,0.052667
215,9,5,sparse,per_task_dla,18,0.05225
215,9,5,sparse,per_task_dla,19,0.053541
215,9,5,sparse,per_task_dla,20,0.056667
215,9,5,sparse,per_task_dla,21,0.052042
215,9,5,sparse,per_task_dla,22,0.051666
215,9,5,sparse,per_task_dla,23,0.052333
215,9,5,sparse,per_task_dla,24,0.051958
215,9,5,sparse,per_task_dla,25,0.052208
215,9,5,sparse,per_task_dla,26,0.051875
215,9,5,sparse,per_task_dla,27,0.05275
215,9,5,sparse,per_task_dla,28,0.05275
215,9,5,sparse,per_task_dla,29,0.052583
215,9,5,sparse,per_task_dla,30,0.052542
215,9,5,sparse,per_task_dla,31,0.052667
215,9,5,sparse,per_task_dla,32,0.052667
215,9,5,sparse,per_task_dla,33,0.052667
215,9,5,sparse,per_task_dla,34,0.05225
215,9,5,sparse,per_task_dla,35,0.05225
215,9,5,sparse,per_task_dla,36,0.051917
215,9,5,sparse,per_task_dla,37,0.052667
215,9,5,sparse,per_task_dla,38,0.051958
215,9,5,sparse,per_task_dla,39,0.052708
215,9,5,sparse,per_task_dla,40,0.052166
215,9,5,sparse,per_task_dla,41,0.05525
215,9,5,sparse,per_task_dla,42,0.052459
215,9,5,sparse,per_task_dla,43,0.051708
215,9,5,sparse,per_task_dla,44,0.051417
215,9,5,sparse,per_task_dla,45,0.052375
215,9,5,sparse,per_task_dla,46,0.052209
215,9,5,sparse,per_task_dla,47,0.052042
215,9,5,sparse,per_task_dla,48,0.051875
215,9,5,sparse,per_task_dla,49,0.051625
215,9,5,sparse,per_task_dla,50,0.053542
215,9,5,sparse,per_task_dla,51,0.059375
215,9,5,sparse,per_task_dla,52,0.051875
215,9,5,sparse,per_task_dla,53,0.05175
215,9,5,sparse,per_task_dla,54,0.052084
215,9,5,sparse,per_task_dla,55,0.053417
215,9,5,sparse,per_task_dla,56,0.056208
215,9,5,sparse,per_task_dla,57,0.061583
215,9,5,sparse,per_task_dla,58,0.054875
215,9,5,sparse,per_task_dla,59,0.052542
215,9,5,sparse,per_task_dla,60,0.052875
215,9,5,sparse,per_task_dla,61,0.052583
215,9,5,sparse,per_task_dla,62,0.057625
215,9,5,sparse,per_task_dla,63,0.055
215,9,5,sparse,per_task_dla,64,0.055
215,9,5,sparse,per_task_dla,65,0.054458
215,9,5,sparse,per_task_dla,66,0.053084
215,9,5,sparse,per_task_dla,67,0.053125
215,9,5,sparse,per_task_dla,68,0.064625
215,9,5,sparse,per_task_dla,69,0.055458
215,9,5,sparse,per_task_dla,70,0.051958
215,9,5,sparse,per_task_dla,71,0.052125
215,9,5,sparse,per_task_dla,72,0.052458
215,9,5,sparse,per_task_dla,73,0.051833
215,9,5,sparse,per_task_dla,74,0.052583
215,9,5,sparse,per_task_dla,75,0.052542
215,9,5,sparse,per_task_dla,76,0.052417
215,9,5,sparse,per_task_dla,77,0.05225
215,9,5,sparse,per_task_dla,78,0.052166
215,9,5,sparse,per_task_dla,79,0.05175
215,9,5,sparse,per_task_dla,80,0.051959
215,9,5,sparse,per_task_dla,81,0.0525
215,9,5,sparse,per_task_dla,82,0.052958
215,9,5,sparse,per_task_dla,83,0.052208
215,9,5,sparse,per_task_dla,84,0.052333
215,9,5,sparse,per_task_dla,85,0.052208
215,9,5,sparse,per_task_dla,86,0.052625
215,9,5,sparse,per_task_dla,87,0.052417
215,9,5,sparse,per_task_dla,88,0.052958
215,9,5,sparse,per_task_dla,89,0.052875
215,9,5,sparse,per_task_dla,90,0.051625
215,9,5,sparse,per_task_dla,91,0.051667
215,9,5,sparse,per_task_dla,92,0.051916
215,9,5,sparse,per_task_dla,93,0.051875
215,9,5,sparse,per_task_dla,94,0.052333
215,9,5,sparse,per_task_dla,95,0.052375
215,9,5,sparse,per_task_dla,96,0.052708
215,9,5,sparse,per_task_dla,97,0.052167
215,9,5,sparse,per_task_dla,98,0.052084
215,9,5,sparse,per_task_dla,99,0.052042
215,9,5,sparse,causal_round_robin,0,0.030916
215,9,5,sparse,causal_round_robin,1,0.025875
215,9,5,sparse,causal_round_robin,2,0.025208
215,9,5,sparse,causal_round_robin,3,0.025
215,9,5,sparse,causal_round_robin,4,0.025042
215,9,5,sparse,causal_round_robin,5,0.025083
215,9,5,sparse,causal_round_robin,6,0.024542
215,9,5,sparse,causal_round_robin,7,0.024417
215,9,5,sparse,causal_round_robin,8,0.0245
215,9,5,sparse,causal_round_robin,9,0.025125
215,9,5,sparse,causal_round_robin,10,0.024875
215,9,5,sparse,causal_round_robin,11,0.025417
215,9,5,sparse,causal_round_robin,12,0.025083
215,9,5,sparse,causal_round_robin,13,0.024583
215,9,5,sparse,causal_round_robin,14,0.024708
215,9,5,sparse,causal_round_robin,15,0.024333
215,9,5,sparse,causal_round_robin,16,0.024833
215,9,5,sparse,causal_round_robin,17,0.024958
215,9,5,sparse,causal_round_robin,18,0.024875
215,9,5,sparse,causal_round_robin,19,0.024917
215,9,5,sparse,causal_round_robin,20,0.025084
215,9,5,sparse,causal_round_robin,21,0.025167
215,9,5,sparse,causal_round_robin,22,0.024834
215,9,5,sparse,causal_round_robin,23,0.025
215,9,5,sparse,causal_round_robin,24,0.025083
215,9,5,sparse,causal_round_robin,25,0.024625
215,9,5,sparse,causal_round_robin,26,0.024584
215,9,5,sparse,causal_round_robin,27,0.024875
215,9,5,sparse,causal_round_robin,28,0.026833
215,9,5,sparse,causal_round_robin,29,0.025541
215,9,5,sparse,causal_round_robin,30,0.025083
215,9,5,sparse,causal_round_robin,31,0.024833
215,9,5,sparse,causal_round_robin,32,0.025
215,9,5,sparse,causal_round_robin,33,0.025166
215,9,5,sparse,causal_round_robin,34,0.025208
215,9,5,sparse,causal_round_robin,35,0.02525
215,9,5,sparse,causal_round_robin,36,0.024792
215,9,5,sparse,causal_round_robin,37,0.025125
215,9,5,sparse,causal_round_robin,38,0.024542
215,9,5,sparse,causal_round_robin,39,0.025083
215,9,5,sparse,causal_round_robin,40,0.024916
215,9,5,sparse,causal_round_robin,41,0.024917
215,9,5,sparse,causal_round_robin,42,0.024791
215,9,5,sparse,causal_round_robin,43,0.025041
215,9,5,sparse,causal_round_robin,44,0.024875
215,9,5,sparse,causal_round_robin,45,0.025
215,9,5,sparse,causal_round_robin,46,0.024625
215,9,5,sparse,causal_round_robin,47,0.024666
215,9,5,sparse,causal_round_robin,48,0.024917
215,9,5,sparse,causal_round_robin,49,0.025042
215,9,5,sparse,causal_round_robin,50,0.024958
215,9,5,sparse,causal_round_robin,51,0.027833
215,9,5,sparse,causal_round_robin,52,0.025375
215,9,5,sparse,causal_round_robin,53,0.029125
215,9,5,sparse,causal_round_robin,54,0.024875
215,9,5,sparse,causal_round_robin,55,0.025042
215,9,5,sparse,causal_round_robin,56,0.024791
215,9,5,sparse,causal_round_robin,57,0.024792
215,9,5,sparse,causal_round_robin,58,0.025125
215,9,5,sparse,causal_round_robin,59,0.025042
215,9,5,sparse,causal_round_robin,60,0.024959
215,9,5,sparse,causal_round_robin,61,0.024959
215,9,5,sparse,causal_round_robin,62,0.025083
215,9,5,sparse,causal_round_robin,63,0.024583
215,9,5,sparse,causal_round_robin,64,0.02475
215,9,5,sparse,causal_round_robin,65,0.0245
215,9,5,sparse,causal_round_robin,66,0.024541
215,9,5,sparse,causal_round_robin,67,0.024667
215,9,5,sparse,causal_round_robin,68,0.024625
215,9,5,sparse,causal_round_robin,69,0.025458
215,9,5,sparse,causal_round_robin,70,0.025041
215,9,5,sparse,causal_round_robin,71,0.024792
215,9,5,sparse,causal_round_robin,72,0.025
215,9,5,sparse,causal_round_robin,73,0.025333
215,9,5,sparse,causal_round_robin,74,0.024833
215,9,5,sparse,causal_round_robin,75,0.025042
215,9,5,sparse,causal_round_robin,76,0.024416
215,9,5,sparse,causal_round_robin,77,0.024958
215,9,5,sparse,causal_round_robin,78,0.024875
215,9,5,sparse,causal_round_robin,79,0.024959
215,9,5,sparse,causal_round_robin,80,0.025292
215,9,5,sparse,causal_round_robin,81,0.025417
215,9,5,sparse,causal_round_robin,82,0.025
215,9,5,sparse,causal_round_robin,83,0.024791
215,9,5,sparse,causal_round_robin,84,0.024708
215,9,5,sparse,causal_round_robin,85,0.025041
215,9,5,sparse,causal_round_robin,86,0.025333
215,9,5,sparse,causal_round_robin,87,0.024958
215,9,5,sparse,causal_round_robin,88,0.025042
215,9,5,sparse,causal_round_robin,89,0.024917
215,9,5,sparse,causal_round_robin,90,0.025041
215,9,5,sparse,causal_round_robin,91,0.024958
215,9,5,sparse,causal_round_robin,92,0.025
215,9,5,sparse,causal_round_robin,93,0.024958
215,9,5,sparse,causal_round_robin,94,0.024791
215,9,5,sparse,causal_round_robin,95,0.024958
215,9,5,sparse,causal_round_robin,96,0.025333
215,9,5,sparse,causal_round_robin,97,0.02475
215,9,5,sparse,causal_round_robin,98,0.024666
215,9,5,sparse,causal_round_robin,99,0.025167
215,9,5,busy,ingress_dla,0,1.119917
215,9,5,busy,ingress_dla,1,1.145959
215,9,5,busy,ingress_dla,2,1.017709
215,9,5,busy,ingress_dla,3,1.007
215,9,5,busy,ingress_dla,4,1.007334
215,9,5,busy,ingress_dla,5,1.0255
215,9,5,busy,ingress_dla,6,1.031125
215,9,5,busy,ingress_dla,7,1.04025
215,9,5,busy,ingress_dla,8,1.032084
215,9,5,busy,ingress_dla,9,1.001958
215,9,5,busy,ingress_dla,10,1.004667
215,9,5,busy,ingress_dla,11,1.003458
215,9,5,busy,ingress_dla,12,1.102959
215,9,5,busy,ingress_dla,13,1.049667
215,9,5,busy,ingress_dla,14,1.034
215,9,5,busy,ingress_dla,15,1.027791
215,9,5,busy,ingress_dla,16,1.053
215,9,5,busy,ingress_dla,17,1.005
215,9,5,busy,ingress_dla,18,1.03075
215,9,5,busy,ingress_dla,19,1.034458
215,9,5,busy,ingress_dla,20,1.002333
215,9,5,busy,ingress_dla,21,1.003875
215,9,5,busy,ingress_dla,22,1.026334
215,9,5,busy,ingress_dla,23,1.052917
215,9,5,busy,ingress_dla,24,1.064917
215,9,5,busy,ingress_dla,25,1.01825
215,9,5,busy,ingress_dla,26,1.035417
215,9,5,busy,ingress_dla,27,1.013542
215,9,5,busy,ingress_dla,28,1.027875
215,9,5,busy,ingress_dla,29,1.015791
215,9,5,busy,ingress_dla,30,1.024625
215,9,5,busy,ingress_dla,31,1.008791
215,9,5,busy,ingress_dla,32,1.034875
215,9,5,busy,ingress_dla,33,1.023875
215,9,5,busy,ingress_dla,34,1.036333
215,9,5,busy,ingress_dla,35,1.012834
215,9,5,busy,ingress_dla,36,1.011041
215,9,5,busy,ingress_dla,37,1.006792
215,9,5,busy,ingress_dla,38,1.006875
215,9,5,busy,ingress_dla,39,0.991042
215,9,5,busy,ingress_dla,40,1.010208
215,9,5,busy,ingress_dla,41,1.050917
215,9,5,busy,ingress_dla,42,1.03475
215,9,5,busy,ingress_dla,43,1.01725
215,9,5,busy,ingress_dla,44,1.024333
215,9,5,busy,ingress_dla,45,1.074917
215,9,5,busy,ingress_dla,46,1.014458
215,9,5,busy,ingress_dla,47,1.026125
215,9,5,busy,ingress_dla,48,1.037959
215,9,5,busy,ingress_dla,49,1.065292
215,9,5,busy,ingress_dla,50,1.025625
215,9,5,busy,ingress_dla,51,1.023458
215,9,5,busy,ingress_dla,52,1.006708
215,9,5,busy,ingress_dla,53,1.070791
215,9,5,busy,ingress_dla,54,0.993625
215,9,5,busy,ingress_dla,55,1.014875
215,9,5,busy,ingress_dla,56,1.041791
215,9,5,busy,ingress_dla,57,1.004833
215,9,5,busy,ingress_dla,58,0.987792
215,9,5,busy,ingress_dla,59,0.994292
215,9,5,busy,ingress_dla,60,1.013667
215,9,5,busy,ingress_dla,61,0.993375
215,9,5,busy,ingress_dla,62,0.987167
215,9,5,busy,ingress_dla,63,0.992375
215,9,5,busy,ingress_dla,64,0.991458
215,9,5,busy,ingress_dla,65,1.104
215,9,5,busy,ingress_dla,66,1.029167
215,9,5,busy,ingress_dla,67,1.023917
215,9,5,busy,ingress_dla,68,0.997542
215,9,5,busy,ingress_dla,69,1.008625
215,9,5,busy,ingress_dla,70,1.034916
215,9,5,busy,ingress_dla,71,1.014083
215,9,5,busy,ingress_dla,72,1.019417
215,9,5,busy,ingress_dla,73,1.025125
215,9,5,busy,ingress_dla,74,1.015084
215,9,5,busy,ingress_dla,75,1.018583
215,9,5,busy,ingress_dla,76,1.012709
215,9,5,busy,ingress_dla,77,1.019333
215,9,5,busy,ingress_dla,78,1.118625
215,9,5,busy,ingress_dla,79,1.015584
215,9,5,busy,ingress_dla,80,1.006375
215,9,5,busy,ingress_dla,81,1.044292
215,9,5,busy,ingress_dla,82,1.047459
215,9,5,busy,ingress_dla,83,1.039417
215,9,5,busy,ingress_dla,84,1.020291
215,9,5,busy,ingress_dla,85,1.005709
215,9,5,busy,ingress_dla,86,0.99525
215,9,5,busy,ingress_dla,87,0.994458
215,9,5,busy,ingress_dla,88,1.011875
215,9,5,busy,ingress_dla,89,1.026959
215,9,5,busy,ingress_dla,90,1.021125
215,9,5,busy,ingress_dla,91,1.004291
215,9,5,busy,ingress_dla,92,1.013417
215,9,5,busy,ingress_dla,93,1.00825
215,9,5,busy,ingress_dla,94,1.022791
215,9,5,busy,ingress_dla,95,1.010542
215,9,5,busy,ingress_dla,96,1.004875
215,9,5,busy,ingress_dla,97,1.025291
215,9,5,busy,ingress_dla,98,1.105125
215,9,5,busy,ingress_dla,99,1.065917
215,9,5,busy,dla,0,0.9875
215,9,5,busy,dla,1,0.983625
215,9,5,busy,dla,2,0.961708
215,9,5,busy,dla,3,0.962
215,9,5,busy,dla,4,0.954583
215,9,5,busy,dla,5,0.9815
215,9,5,busy,dla,6,0.951709
215,9,5,busy,dla,7,0.942709
215,9,5,busy,dla,8,0.912833
215,9,5,busy,dla,9,0.950292
215,9,5,busy,dla,10,0.969875
215,9,5,busy,dla,11,0.957625
215,9,5,busy,dla,12,0.975
215,9,5,busy,dla,13,0.918833
215,9,5,busy,dla,14,0.954042
215,9,5,busy,dla,15,0.925042
215,9,5,busy,dla,16,0.960791
215,9,5,busy,dla,17,0.920541
215,9,5,busy,dla,18,0.923458
215,9,5,busy,dla,19,0.992125
215,9,5,busy,dla,20,1.002
215,9,5,busy,dla,21,0.98275
215,9,5,busy,dla,22,0.994666
215,9,5,busy,dla,23,1.04625
215,9,5,busy,dla,24,1.007709
215,9,5,busy,dla,25,1.013791
215,9,5,busy,dla,26,1.014542
215,9,5,busy,dla,27,0.9825
215,9,5,busy,dla,28,1.003042
215,9,5,busy,dla,29,0.97425
215,9,5,busy,dla,30,0.961459
215,9,5,busy,dla,31,0.899208
215,9,5,busy,dla,32,0.900041
215,9,5,busy,dla,33,0.906917
215,9,5,busy,dla,34,0.928292
215,9,5,busy,dla,35,0.930292
215,9,5,busy,dla,36,0.953666
215,9,5,busy,dla,37,0.944917
215,9,5,busy,dla,38,0.958042
215,9,5,busy,dla,39,0.967375
215,9,5,busy,dla,40,0.998166
215,9,5,busy,dla,41,1.007834
215,9,5,busy,dla,42,0.927
215,9,5,busy,dla,43,1.028458
215,9,5,busy,dla,44,0.99875
215,9,5,busy,dla,45,1.001375
215,9,5,busy,dla,46,1.007292
215,9,5,busy,dla,47,0.986541
215,9,5,busy,dla,48,0.995583
215,9,5,busy,dla,49,0.985667
215,9,5,busy,dla,50,0.915583
215,9,5,busy,dla,51,0.960125
215,9,5,busy,dla,52,0.962583
215,9,5,busy,dla,53,0.960417
215,9,5,busy,dla,54,0.959916
215,9,5,busy,dla,55,0.910708
215,9,5,busy,dla,56,0.97625
215,9,5,busy,dla,57,0.932
215,9,5,busy,dla,58,0.902208
215,9,5,busy,dla,59,0.942708
215,9,5,busy,dla,60,0.960417
215,9,5,busy,dla,61,0.937375
215,9,5,busy,dla,62,0.955583
215,9,5,busy,dla,63,0.968291
215,9,5,busy,dla,64,0.959416
215,9,5,busy,dla,65,0.919083
215,9,5,busy,dla,66,0.936167
215,9,5,busy,dla,67,0.9035
215,9,5,busy,dla,68,0.917083
215,9,5,busy,dla,69,0.917375
215,9,5,busy,dla,70,0.933166
215,9,5,busy,dla,71,0.927041
215,9,5,busy,dla,72,0.937375
215,9,5,busy,dla,73,0.999833
215,9,5,busy,dla,74,0.985542
215,9,5,busy,dla,75,0.994375
215,9,5,busy,dla,76,0.99075
215,9,5,busy,dla,77,0.998333
215,9,5,busy,dla,78,0.995625
215,9,5,busy,dla,79,0.992333
215,9,5,busy,dla,80,1.014208
215,9,5,busy,dla,81,1.005625
215,9,5,busy,dla,82,1.001834
215,9,5,busy,dla,83,1.036667
215,9,5,busy,dla,84,1.012625
215,9,5,busy,dla,85,0.997417
215,9,5,busy,dla,86,0.984375
215,9,5,busy,dla,87,0.9275
215,9,5,busy,dla,88,0.969291
215,9,5,busy,dla,89,0.940875
215,9,5,busy,dla,90,0.929833
215,9,5,busy,dla,91,0.977667
215,9,5,busy,dla,92,0.960959
215,9,5,busy,dla,93,0.966958
215,9,5,busy,dla,94,0.927666
215,9,5,busy,dla,95,0.907666
215,9,5,busy,dla,96,0.991542
215,9,5,busy,dla,97,0.962917
215,9,5,busy,dla,98,0.981333
215,9,5,busy,dla,99,0.947041
215,9,5,busy,per_task_dla,0,0.059541
215,9,5,busy,per_task_dla,1,0.055292
215,9,5,busy,per_task_dla,2,0.054458
215,9,5,busy,per_task_dla,3,0.054208
215,9,5,busy,per_task_dla,4,0.054167
215,9,5,busy,per_task_dla,5,0.05375
215,9,5,busy,per_task_dla,6,0.054541
215,9,5,busy,per_task_dla,7,0.054833
215,9,5,busy,per_task_dla,8,0.054333
215,9,5,busy,per_task_dla,9,0.054334
215,9,5,busy,per_task_dla,10,0.054125
215,9,5,busy,per_task_dla,11,0.055417
215,9,5,busy,per_task_dla,12,0.066
215,9,5,busy,per_task_dla,13,0.060292
215,9,5,busy,per_task_dla,14,0.056
215,9,5,busy,per_task_dla,15,0.057709
215,9,5,busy,per_task_dla,16,0.05475
215,9,5,busy,per_task_dla,17,0.054958
215,9,5,busy,per_task_dla,18,0.054916
215,9,5,busy,per_task_dla,19,0.06
215,9,5,busy,per_task_dla,20,0.056917
215,9,5,busy,per_task_dla,21,0.056709
215,9,5,busy,per_task_dla,22,0.056542
215,9,5,busy,per_task_dla,23,0.062375
215,9,5,busy,per_task_dla,24,0.062167
215,9,5,busy,per_task_dla,25,0.054375
215,9,5,busy,per_task_dla,26,0.059417
215,9,5,busy,per_task_dla,27,0.054667
215,9,5,busy,per_task_dla,28,0.054166
215,9,5,busy,per_task_dla,29,0.054042
215,9,5,busy,per_task_dla,30,0.054375
215,9,5,busy,per_task_dla,31,0.054083
215,9,5,busy,per_task_dla,32,0.054083
215,9,5,busy,per_task_dla,33,0.054
215,9,5,busy,per_task_dla,34,0.054042
215,9,5,busy,per_task_dla,35,0.054333
215,9,5,busy,per_task_dla,36,0.054375
215,9,5,busy,per_task_dla,37,0.054458
215,9,5,busy,per_task_dla,38,0.054167
215,9,5,busy,per_task_dla,39,0.054458
215,9,5,busy,per_task_dla,40,0.054375
215,9,5,busy,per_task_dla,41,0.057958
215,9,5,busy,per_task_dla,42,0.052667
215,9,5,busy,per_task_dla,43,0.054458
215,9,5,busy,per_task_dla,44,0.05425
215,9,5,busy,per_task_dla,45,0.053834
215,9,5,busy,per_task_dla,46,0.055542
215,9,5,busy,per_task_dla,47,0.055708
215,9,5,busy,per_task_dla,48,0.055958
215,9,5,busy,per_task_dla,49,0.061209
215,9,5,busy,per_task_dla,50,0.054583
215,9,5,busy,per_task_dla,51,0.054917
215,9,5,busy,per_task_dla,52,0.060834
215,9,5,busy,per_task_dla,53,0.057209
215,9,5,busy,per_task_dla,54,0.057417
215,9,5,busy,per_task_dla,55,0.057334
215,9,5,busy,per_task_dla,56,0.057708
215,9,5,busy,per_task_dla,57,0.057084
215,9,5,busy,per_task_dla,58,0.057708
215,9,5,busy,per_task_dla,59,0.056958
215,9,5,busy,per_task_dla,60,0.057125
215,9,5,busy,per_task_dla,61,0.061917
215,9,5,busy,per_task_dla,62,0.0585
215,9,5,busy,per_task_dla,63,0.0545
215,9,5,busy,per_task_dla,64,0.058542
215,9,5,busy,per_task_dla,65,0.056334
215,9,5,busy,per_task_dla,66,0.056083
215,9,5,busy,per_task_dla,67,0.05275
215,9,5,busy,per_task_dla,68,0.054375
215,9,5,busy,per_task_dla,69,0.054333
215,9,5,busy,per_task_dla,70,0.054
215,9,5,busy,per_task_dla,71,0.053875
215,9,5,busy,per_task_dla,72,0.054333
215,9,5,busy,per_task_dla,73,0.054291
215,9,5,busy,per_task_dla,74,0.054083
215,9,5,busy,per_task_dla,75,0.054542
215,9,5,busy,per_task_dla,76,0.054334
215,9,5,busy,per_task_dla,77,0.057083
215,9,5,busy,per_task_dla,78,0.054417
215,9,5,busy,per_task_dla,79,0.054084
215,9,5,busy,per_task_dla,80,0.05825
215,9,5,busy,per_task_dla,81,0.05975
215,9,5,busy,per_task_dla,82,0.056041
215,9,5,busy,per_task_dla,83,0.055916
215,9,5,busy,per_task_dla,84,0.055875
215,9,5,busy,per_task_dla,85,0.054583
215,9,5,busy,per_task_dla,86,0.055041
215,9,5,busy,per_task_dla,87,0.057208
215,9,5,busy,per_task_dla,88,0.063834
215,9,5,busy,per_task_dla,89,0.061791
215,9,5,busy,per_task_dla,90,0.060583
215,9,5,busy,per_task_dla,91,0.061834
215,9,5,busy,per_task_dla,92,0.058
215,9,5,busy,per_task_dla,93,0.056542
215,9,5,busy,per_task_dla,94,0.053709
215,9,5,busy,per_task_dla,95,0.053959
215,9,5,busy,per_task_dla,96,0.054084
215,9,5,busy,per_task_dla,97,0.056958
215,9,5,busy,per_task_dla,98,0.054042
215,9,5,busy,per_task_dla,99,0.055042
215,9,5,busy,causal_round_robin,0,0.026708
215,9,5,busy,causal_round_robin,1,0.02175
215,9,5,busy,causal_round_robin,2,0.022
215,9,5,busy,causal_round_robin,3,0.020667
215,9,5,busy,causal_round_robin,4,0.021
215,9,5,busy,causal_round_robin,5,0.020875
215,9,5,busy,causal_round_robin,6,0.02075
215,9,5,busy,causal_round_robin,7,0.020583
215,9,5,busy,causal_round_robin,8,0.021875
215,9,5,busy,causal_round_robin,9,0.020542
215,9,5,busy,causal_round_robin,10,0.020709
215,9,5,busy,causal_round_robin,11,0.020792
215,9,5,busy,causal_round_robin,12,0.02075
215,9,5,busy,causal_round_robin,13,0.021375
215,9,5,busy,causal_round_robin,14,0.020792
215,9,5,busy,causal_round_robin,15,0.020834
215,9,5,busy,causal_round_robin,16,0.020959
215,9,5,busy,causal_round_robin,17,0.021125
215,9,5,busy,causal_round_robin,18,0.020667
215,9,5,busy,causal_round_robin,19,0.02075
215,9,5,busy,causal_round_robin,20,0.02075
215,9,5,busy,causal_round_robin,21,0.020833
215,9,5,busy,causal_round_robin,22,0.020916
215,9,5,busy,causal_round_robin,23,0.021334
215,9,5,busy,causal_round_robin,24,0.020667
215,9,5,busy,causal_round_robin,25,0.021708
215,9,5,busy,causal_round_robin,26,0.021416
215,9,5,busy,causal_round_robin,27,0.020875
215,9,5,busy,causal_round_robin,28,0.020708
215,9,5,busy,causal_round_robin,29,0.021375
215,9,5,busy,causal_round_robin,30,0.02175
215,9,5,busy,causal_round_robin,31,0.021166
215,9,5,busy,causal_round_robin,32,0.0215
215,9,5,busy,causal_round_robin,33,0.021375
215,9,5,busy,causal_round_robin,34,0.02125
215,9,5,busy,causal_round_robin,35,0.021208
215,9,5,busy,causal_round_robin,36,0.021291
215,9,5,busy,causal_round_robin,37,0.021833
215,9,5,busy,causal_round_robin,38,0.020833
215,9,5,busy,causal_round_robin,39,0.020916
215,9,5,busy,causal_round_robin,40,0.021167
215,9,5,busy,causal_round_robin,41,0.021042
215,9,5,busy,causal_round_robin,42,0.020833
215,9,5,busy,causal_round_robin,43,0.020666
215,9,5,busy,causal_round_robin,44,0.020833
215,9,5,busy,causal_round_robin,45,0.021125
215,9,5,busy,causal_round_robin,46,0.021333
215,9,5,busy,causal_round_robin,47,0.021291
215,9,5,busy,causal_round_robin,48,0.0255
215,9,5,busy,causal_round_robin,49,0.021916
215,9,5,busy,causal_round_robin,50,0.021167
215,9,5,busy,causal_round_robin,51,0.021
215,9,5,busy,causal_round_robin,52,0.021
215,9,5,busy,causal_round_robin,53,0.021625
215,9,5,busy,causal_round_robin,54,0.02125
215,9,5,busy,causal_round_robin,55,0.021625
215,9,5,busy,causal_round_robin,56,0.021166
215,9,5,busy,causal_round_robin,57,0.021458
215,9,5,busy,causal_round_robin,58,0.021375
215,9,5,busy,causal_round_robin,59,0.021375
215,9,5,busy,causal_round_robin,60,0.021375
215,9,5,busy,causal_round_robin,61,0.021375
215,9,5,busy,causal_round_robin,62,0.021
215,9,5,busy,causal_round_robin,63,0.020833
215,9,5,busy,causal_round_robin,64,0.021
215,9,5,busy,causal_round_robin,65,0.021291
215,9,5,busy,causal_round_robin,66,0.021042
215,9,5,busy,causal_round_robin,67,0.020917
215,9,5,busy,causal_round_robin,68,0.021458
215,9,5,busy,causal_round_robin,69,0.021833
215,9,5,busy,causal_round_robin,70,0.021375
215,9,5,busy,causal_round_robin,71,0.0215
215,9,5,busy,causal_round_robin,72,0.021542
215,9,5,busy,causal_round_robin,73,0.021
215,9,5,busy,causal_round_robin,74,0.021458
215,9,5,busy,causal_round_robin,75,0.021541
215,9,5,busy,causal_round_robin,76,0.021042
215,9,5,busy,causal_round_robin,77,0.021292
215,9,5,busy,causal_round_robin,78,0.021375
215,9,5,busy,causal_round_robin,79,0.021459
215,9,5,busy,causal_round_robin,80,0.021459
215,9,5,busy,causal_round_robin,81,0.022875
215,9,5,busy,causal_round_robin,82,0.021583
215,9,5,busy,causal_round_robin,83,0.021708
215,9,5,busy,causal_round_robin,84,0.020708
215,9,5,busy,causal_round_robin,85,0.02075
215,9,5,busy,causal_round_robin,86,0.021334
215,9,5,busy,causal_round_robin,87,0.021541
215,9,5,busy,causal_round_robin,88,0.031917
215,9,5,busy,causal_round_robin,89,0.022334
215,9,5,busy,causal_round_robin,90,0.021125
215,9,5,busy,causal_round_robin,91,0.02125
215,9,5,busy,causal_round_robin,92,0.021166
215,9,5,busy,causal_round_robin,93,0.026333
215,9,5,busy,causal_round_robin,94,0.021375
215,9,5,busy,causal_round_robin,95,0.021292
215,9,5,busy,causal_round_robin,96,0.027708
215,9,5,busy,causal_round_robin,97,0.021542
215,9,5,busy,causal_round_robin,98,0.021541
215,9,5,busy,causal_round_robin,99,0.021875
2488,10,5,sparse,ingress_dla,0,6.033709
2488,10,5,sparse,ingress_dla,1,6.183125
2488,10,5,sparse,ingress_dla,2,6.023625
2488,10,5,sparse,ingress_dla,3,6.04125
2488,10,5,sparse,ingress_dla,4,6.094875
2488,10,5,sparse,ingress_dla,5,6.067125
2488,10,5,sparse,ingress_dla,6,6.066333
2488,10,5,sparse,ingress_dla,7,6.1555
2488,10,5,sparse,ingress_dla,8,6.096791
2488,10,5,sparse,ingress_dla,9,6.260458
2488,10,5,sparse,ingress_dla,10,6.215583
2488,10,5,sparse,ingress_dla,11,6.0785
2488,10,5,sparse,ingress_dla,12,6.009333
2488,10,5,sparse,ingress_dla,13,6.15725
2488,10,5,sparse,ingress_dla,14,6.101458
2488,10,5,sparse,ingress_dla,15,6.137375
2488,10,5,sparse,ingress_dla,16,6.147125
2488,10,5,sparse,ingress_dla,17,6.090959
2488,10,5,sparse,ingress_dla,18,6.2035
2488,10,5,sparse,ingress_dla,19,6.063083
2488,10,5,sparse,ingress_dla,20,6.040291
2488,10,5,sparse,ingress_dla,21,6.105541
2488,10,5,sparse,ingress_dla,22,6.239542
2488,10,5,sparse,ingress_dla,23,6.127125
2488,10,5,sparse,ingress_dla,24,5.999542
2488,10,5,sparse,ingress_dla,25,6.113625
2488,10,5,sparse,ingress_dla,26,6.114917
2488,10,5,sparse,ingress_dla,27,6.158833
2488,10,5,sparse,ingress_dla,28,6.115667
2488,10,5,sparse,ingress_dla,29,6.201875
2488,10,5,sparse,ingress_dla,30,6.016125
2488,10,5,sparse,ingress_dla,31,5.964125
2488,10,5,sparse,ingress_dla,32,5.956334
2488,10,5,sparse,ingress_dla,33,5.906417
2488,10,5,sparse,ingress_dla,34,5.991208
2488,10,5,sparse,ingress_dla,35,6.062666
2488,10,5,sparse,ingress_dla,36,6.110167
2488,10,5,sparse,ingress_dla,37,6.112292
2488,10,5,sparse,ingress_dla,38,6.134
2488,10,5,sparse,ingress_dla,39,6.02675
2488,10,5,sparse,ingress_dla,40,6.199084
2488,10,5,sparse,ingress_dla,41,6.045042
2488,10,5,sparse,ingress_dla,42,6.174292
2488,10,5,sparse,ingress_dla,43,6.171375
2488,10,5,sparse,ingress_dla,44,6.158209
2488,10,5,sparse,ingress_dla,45,6.164667
2488,10,5,sparse,ingress_dla,46,6.171875
2488,10,5,sparse,ingress_dla,47,6.093541
2488,10,5,sparse,ingress_dla,48,6.213875
2488,10,5,sparse,ingress_dla,49,6.092667
2488,10,5,sparse,ingress_dla,50,6.089667
2488,10,5,sparse,ingress_dla,51,6.157583
2488,10,5,sparse,ingress_dla,52,6.054583
2488,10,5,sparse,ingress_dla,53,6.135917
2488,10,5,sparse,ingress_dla,54,6.184416
2488,10,5,sparse,ingress_dla,55,6.121417
2488,10,5,sparse,ingress_dla,56,6.063
2488,10,5,sparse,ingress_dla,57,6.03575
2488,10,5,sparse,ingress_dla,58,6.098375
2488,10,5,sparse,ingress_dla,59,6.184416
2488,10,5,sparse,ingress_dla,60,6.088167
2488,10,5,sparse,ingress_dla,61,6.110542
2488,10,5,sparse,ingress_dla,62,5.996333
2488,10,5,sparse,ingress_dla,63,6.040917
2488,10,5,sparse,ingress_dla,64,6.013917
2488,10,5,sparse,ingress_dla,65,6.005875
2488,10,5,sparse,ingress_dla,66,5.939541
2488,10,5,sparse,ingress_dla,67,5.981
2488,10,5,sparse,ingress_dla,68,6.245042
2488,10,5,sparse,ingress_dla,69,6.067709
2488,10,5,sparse,ingress_dla,70,6.176917
2488,10,5,sparse,ingress_dla,71,6.09375
2488,10,5,sparse,ingress_dla,72,6.162292
2488,10,5,sparse,ingress_dla,73,6.111416
2488,10,5,sparse,ingress_dla,74,6.062334
2488,10,5,sparse,ingress_dla,75,6.023125
2488,10,5,sparse,ingress_dla,76,5.956375
2488,10,5,sparse,ingress_dla,77,5.970083
2488,10,5,sparse,ingress_dla,78,6.136584
2488,10,5,sparse,ingress_dla,79,6.091208
2488,10,5,sparse,ingress_dla,80,6.020584
2488,10,5,sparse,ingress_dla,81,6.049583
2488,10,5,sparse,ingress_dla,82,6.026042
2488,10,5,sparse,ingress_dla,83,6.090458
2488,10,5,sparse,ingress_dla,84,6.256166
2488,10,5,sparse,ingress_dla,85,6.123208
2488,10,5,sparse,ingress_dla,86,6.021416
2488,10,5,sparse,ingress_dla,87,6.097875
2488,10,5,sparse,ingress_dla,88,6.01225
2488,10,5,sparse,ingress_dla,89,6.139833
2488,10,5,sparse,ingress_dla,90,6.160167
2488,10,5,sparse,ingress_dla,91,6.097792
2488,10,5,sparse,ingress_dla,92,6.231959
2488,10,5,sparse,ingress_dla,93,5.998709
2488,10,5,sparse,ingress_dla,94,6.160541
2488,10,5,sparse,ingress_dla,95,6.070875
2488,10,5,sparse,ingress_dla,96,5.993541
2488,10,5,sparse,ingress_dla,97,6.137875
2488,10,5,sparse,ingress_dla,98,6.092084
2488,10,5,sparse,ingress_dla,99,6.158958
2488,10,5,sparse,dla,0,5.699292
2488,10,5,sparse,dla,1,5.608834
2488,10,5,sparse,dla,2,5.8255
2488,10,5,sparse,dla,3,5.711333
2488,10,5,sparse,dla,4,5.758167
2488,10,5,sparse,dla,5,5.780458
2488,10,5,sparse,dla,6,5.738042
2488,10,5,sparse,dla,7,5.768167
2488,10,5,sparse,dla,8,5.746709
2488,10,5,sparse,dla,9,5.717
2488,10,5,sparse,dla,10,5.799417
2488,10,5,sparse,dla,11,5.769833
2488,10,5,sparse,dla,12,5.599792
2488,10,5,sparse,dla,13,5.715041
2488,10,5,sparse,dla,14,5.799208
2488,10,5,sparse,dla,15,5.922542
2488,10,5,sparse,dla,16,5.700917
2488,10,5,sparse,dla,17,5.786458
2488,10,5,sparse,dla,18,5.791792
2488,10,5,sparse,dla,19,5.795833
2488,10,5,sparse,dla,20,5.84175
2488,10,5,sparse,dla,21,5.846459
2488,10,5,sparse,dla,22,5.739625
2488,10,5,sparse,dla,23,5.903875
2488,10,5,sparse,dla,24,5.759959
2488,10,5,sparse,dla,25,5.728
2488,10,5,sparse,dla,26,5.815458
2488,10,5,sparse,dla,27,5.868166
2488,10,5,sparse,dla,28,5.818334
2488,10,5,sparse,dla,29,5.789125
2488,10,5,sparse,dla,30,5.888792
2488,10,5,sparse,dla,31,5.820625
2488,10,5,sparse,dla,32,5.774709
2488,10,5,sparse,dla,33,5.872208
2488,10,5,sparse,dla,34,5.736667
2488,10,5,sparse,dla,35,5.767667
2488,10,5,sparse,dla,36,5.788083
2488,10,5,sparse,dla,37,5.759875
2488,10,5,sparse,dla,38,5.831958
2488,10,5,sparse,dla,39,5.770959
2488,10,5,sparse,dla,40,5.868666
2488,10,5,sparse,dla,41,5.905084
2488,10,5,sparse,dla,42,5.759542
2488,10,5,sparse,dla,43,5.819333
2488,10,5,sparse,dla,44,5.812875
2488,10,5,sparse,dla,45,5.670083
2488,10,5,sparse,dla,46,5.848083
2488,10,5,sparse,dla,47,5.817667
2488,10,5,sparse,dla,48,5.800208
2488,10,5,sparse,dla,49,5.911875
2488,10,5,sparse,dla,50,5.820708
2488,10,5,sparse,dla,51,5.828542
2488,10,5,sparse,dla,52,5.844584
2488,10,5,sparse,dla,53,5.703417
2488,10,5,sparse,dla,54,5.686959
2488,10,5,sparse,dla,55,5.804375
2488,10,5,sparse,dla,56,5.846334
2488,10,5,sparse,dla,57,5.688167
2488,10,5,sparse,dla,58,5.838167
2488,10,5,sparse,dla,59,5.896417
2488,10,5,sparse,dla,60,5.848375
2488,10,5,sparse,dla,61,5.481292
2488,10,5,sparse,dla,62,5.90625
2488,10,5,sparse,dla,63,5.75025
2488,10,5,sparse,dla,64,5.769875
2488,10,5,sparse,dla,65,5.791125
2488,10,5,sparse,dla,66,5.913167
2488,10,5,sparse,dla,67,5.817167
2488,10,5,sparse,dla,68,5.67175
2488,10,5,sparse,dla,69,5.778833
2488,10,5,sparse,dla,70,5.849667
2488,10,5,sparse,dla,71,5.739
2488,10,5,sparse,dla,72,5.880459
2488,10,5,sparse,dla,73,5.753333
2488,10,5,sparse,dla,74,5.625833
2488,10,5,sparse,dla,75,5.912375
2488,10,5,sparse,dla,76,5.787458
2488,10,5,sparse,dla,77,5.789084
2488,10,5,sparse,dla,78,5.764833
2488,10,5,sparse,dla,79,5.900333
2488,10,5,sparse,dla,80,5.862
2488,10,5,sparse,dla,81,5.789625
2488,10,5,sparse,dla,82,5.689542
2488,10,5,sparse,dla,83,5.847666
2488,10,5,sparse,dla,84,5.74575
2488,10,5,sparse,dla,85,5.794
2488,10,5,sparse,dla,86,5.751083
2488,10,5,sparse,dla,87,5.865833
2488,10,5,sparse,dla,88,5.832042
2488,10,5,sparse,dla,89,5.827167
2488,10,5,sparse,dla,90,5.932875
2488,10,5,sparse,dla,91,5.838833
2488,10,5,sparse,dla,92,5.7725
2488,10,5,sparse,dla,93,5.850916
2488,10,5,sparse,dla,94,5.8885
2488,10,5,sparse,dla,95,5.844625
2488,10,5,sparse,dla,96,5.771833
2488,10,5,sparse,dla,97,5.797708
2488,10,5,sparse,dla,98,5.920833
2488,10,5,sparse,dla,99,5.804125
2488,10,5,sparse,per_task_dla,0,0.534042
2488,10,5,sparse,per_task_dla,1,0.490875
2488,10,5,sparse,per_task_dla,2,0.536834
2488,10,5,sparse,per_task_dla,3,0.551708
2488,10,5,sparse,per_task_dla,4,0.495666
2488,10,5,sparse,per_task_dla,5,0.529416
2488,10,5,sparse,per_task_dla,6,0.503708
2488,10,5,sparse,per_task_dla,7,0.533625
2488,10,5,sparse,per_task_dla,8,0.48425
2488,10,5,sparse,per_task_dla,9,0.49275
2488,10,5,sparse,per_task_dla,10,0.526459
2488,10,5,sparse,per_task_dla,11,0.478791
2488,10,5,sparse,per_task_dla,12,0.542875
2488,10,5,sparse,per_task_dla,13,0.50475
2488,10,5,sparse,per_task_dla,14,0.524625
2488,10,5,sparse,per_task_dla,15,0.498291
2488,10,5,sparse,per_task_dla,16,0.502
2488,10,5,sparse,per_task_dla,17,0.538084
2488,10,5,sparse,per_task_dla,18,0.537875
2488,10,5,sparse,per_task_dla,19,0.495083
2488,10,5,sparse,per_task_dla,20,0.531875
2488,10,5,sparse,per_task_dla,21,0.483542
2488,10,5,sparse,per_task_dla,22,0.486708
2488,10,5,sparse,per_task_dla,23,0.491292
2488,10,5,sparse,per_task_dla,24,0.517708
2488,10,5,sparse,per_task_dla,25,0.508834
2488,10,5,sparse,per_task_dla,26,0.517834
2488,10,5,sparse,per_task_dla,27,0.510958
2488,10,5,sparse,per_task_dla,28,0.511166
2488,10,5,sparse,per_task_dla,29,0.508041
2488,10,5,sparse,per_task_dla,30,0.495667
2488,10,5,sparse,per_task_dla,31,0.523
2488,10,5,sparse,per_task_dla,32,0.517292
2488,10,5,sparse,per_task_dla,33,0.479958
2488,10,5,sparse,per_task_dla,34,0.46775
2488,10,5,sparse,per_task_dla,35,0.478541
2488,10,5,sparse,per_task_dla,36,0.488208
2488,10,5,sparse,per_task_dla,37,0.529125
2488,10,5,sparse,per_task_dla,38,0.462541
2488,10,5,sparse,per_task_dla,39,0.488083
2488,10,5,sparse,per_task_dla,40,0.459166
2488,10,5,sparse,per_task_dla,41,0.515708
2488,10,5,sparse,per_task_dla,42,0.489417
2488,10,5,sparse,per_task_dla,43,0.471667
2488,10,5,sparse,per_task_dla,44,0.487458
2488,10,5,sparse,per_task_dla,45,0.471958
2488,10,5,sparse,per_task_dla,46,0.534333
2488,10,5,sparse,per_task_dla,47,0.466166
2488,10,5,sparse,per_task_dla,48,0.480292
2488,10,5,sparse,per_task_dla,49,0.475584
2488,10,5,sparse,per_task_dla,50,0.527291
2488,10,5,sparse,per_task_dla,51,0.486542
2488,10,5,sparse,per_task_dla,52,0.54125
2488,10,5,sparse,per_task_dla,53,0.502875
2488,10,5,sparse,per_task_dla,54,0.500917
2488,10,5,sparse,per_task_dla,55,0.515875
2488,10,5,sparse,per_task_dla,56,0.498291
2488,10,5,sparse,per_task_dla,57,0.48675
2488,10,5,sparse,per_task_dla,58,0.501917
2488,10,5,sparse,per_task_dla,59,0.49125
2488,10,5,sparse,per_task_dla,60,0.479083
2488,10,5,sparse,per_task_dla,61,0.53025
2488,10,5,sparse,per_task_dla,62,0.479167
2488,10,5,sparse,per_task_dla,63,0.491125
2488,10,5,sparse,per_task_dla,64,0.520375
2488,10,5,sparse,per_task_dla,65,0.506875
2488,10,5,sparse,per_task_dla,66,0.493
2488,10,5,sparse,per_task_dla,67,0.491042
2488,10,5,sparse,per_task_dla,68,0.51825
2488,10,5,sparse,per_task_dla,69,0.495584
2488,10,5,sparse,per_task_dla,70,0.488042
2488,10,5,sparse,per_task_dla,71,0.47975
2488,10,5,sparse,per_task_dla,72,0.531458
2488,10,5,sparse,per_task_dla,73,0.496833
2488,10,5,sparse,per_task_dla,74,0.515375
2488,10,5,sparse,per_task_dla,75,0.49925
2488,10,5,sparse,per_task_dla,76,0.493375
2488,10,5,sparse,per_task_dla,77,0.493833
2488,10,5,sparse,per_task_dla,78,0.54125
2488,10,5,sparse,per_task_dla,79,0.529875
2488,10,5,sparse,per_task_dla,80,0.53325
2488,10,5,sparse,per_task_dla,81,0.483125
2488,10,5,sparse,per_task_dla,82,0.496667
2488,10,5,sparse,per_task_dla,83,0.567208
2488,10,5,sparse,per_task_dla,84,0.491958
2488,10,5,sparse,per_task_dla,85,0.532583
2488,10,5,sparse,per_task_dla,86,0.515458
2488,10,5,sparse,per_task_dla,87,0.54025
2488,10,5,sparse,per_task_dla,88,0.511875
2488,10,5,sparse,per_task_dla,89,0.550292
2488,10,5,sparse,per_task_dla,90,0.51775
2488,10,5,sparse,per_task_dla,91,0.525667
2488,10,5,sparse,per_task_dla,92,0.5045
2488,10,5,sparse,per_task_dla,93,0.489042
2488,10,5,sparse,per_task_dla,94,0.516459
2488,10,5,sparse,per_task_dla,95,0.484084
2488,10,5,sparse,per_task_dla,96,0.487667
2488,10,5,sparse,per_task_dla,97,0.524083
2488,10,5,sparse,per_task_dla,98,0.4935
2488,10,5,sparse,per_task_dla,99,0.477333
2488,10,5,sparse,causal_round_robin,0,0.226375
2488,10,5,sparse,causal_round_robin,1,0.217667
2488,10,5,sparse,causal_round_robin,2,0.215292
2488,10,5,sparse,causal_round_robin,3,0.218083
2488,10,5,sparse,causal_round_robin,4,0.219333
2488,10,5,sparse,causal_round_robin,5,0.223
2488,10,5,sparse,causal_round_robin,6,0.218166
2488,10,5,sparse,causal_round_robin,7,0.224208
2488,10,5,sparse,causal_round_robin,8,0.21825
2488,10,5,sparse,causal_round_robin,9,0.2245
2488,10,5,sparse,causal_round_robin,10,0.220375
2488,10,5,sparse,causal_round_robin,11,0.224
2488,10,5,sparse,causal_round_robin,12,0.221666
2488,10,5,sparse,causal_round_robin,13,0.233125
2488,10,5,sparse,causal_round_robin,14,0.224167
2488,10,5,sparse,causal_round_robin,15,0.219541
2488,10,5,sparse,causal_round_robin,16,0.222291
2488,10,5,sparse,causal_round_robin,17,0.221959
2488,10,5,sparse,causal_round_robin,18,0.224625
2488,10,5,sparse,causal_round_robin,19,0.217458
2488,10,5,sparse,causal_round_robin,20,0.213542
2488,10,5,sparse,causal_round_robin,21,0.21375
2488,10,5,sparse,causal_round_robin,22,0.213791
2488,10,5,sparse,causal_round_robin,23,0.222958
2488,10,5,sparse,causal_round_robin,24,0.213667
2488,10,5,sparse,causal_round_robin,25,0.213541
2488,10,5,sparse,causal_round_robin,26,0.232583
2488,10,5,sparse,causal_round_robin,27,0.227625
2488,10,5,sparse,causal_round_robin,28,0.230542
2488,10,5,sparse,causal_round_robin,29,0.22325
2488,10,5,sparse,causal_round_robin,30,0.21625
2488,10,5,sparse,causal_round_robin,31,0.215125
2488,10,5,sparse,causal_round_robin,32,0.226
2488,10,5,sparse,causal_round_robin,33,0.216292
2488,10,5,sparse,causal_round_robin,34,0.213375
2488,10,5,sparse,causal_round_robin,35,0.214083
2488,10,5,sparse,causal_round_robin,36,0.240625
2488,10,5,sparse,causal_round_robin,37,0.230084
2488,10,5,sparse,causal_round_robin,38,0.219375
2488,10,5,sparse,causal_round_robin,39,0.214875
2488,10,5,sparse,causal_round_robin,40,0.213083
2488,10,5,sparse,causal_round_robin,41,0.213542
2488,10,5,sparse,causal_round_robin,42,0.21125
2488,10,5,sparse,causal_round_robin,43,0.21375
2488,10,5,sparse,causal_round_robin,44,0.209625
2488,10,5,sparse,causal_round_robin,45,0.211708
2488,10,5,sparse,causal_round_robin,46,0.214042
2488,10,5,sparse,causal_round_robin,47,0.214709
2488,10,5,sparse,causal_round_robin,48,0.226542
2488,10,5,sparse,causal_round_robin,49,0.21675
2488,10,5,sparse,causal_round_robin,50,0.218792
2488,10,5,sparse,causal_round_robin,51,0.219875
2488,10,5,sparse,causal_round_robin,52,0.219458
2488,10,5,sparse,causal_round_robin,53,0.225208
2488,10,5,sparse,causal_round_robin,54,0.227833
2488,10,5,sparse,causal_round_robin,55,0.223833
2488,10,5,sparse,causal_round_robin,56,0.222125
2488,10,5,sparse,causal_round_robin,57,0.231292
2488,10,5,sparse,causal_round_robin,58,0.219125
2488,10,5,sparse,causal_round_robin,59,0.219416
2488,10,5,sparse,causal_round_robin,60,0.219041
2488,10,5,sparse,causal_round_robin,61,0.216292
2488,10,5,sparse,causal_round_robin,62,0.217209
2488,10,5,sparse,causal_round_robin,63,0.221292
2488,10,5,sparse,causal_round_robin,64,0.221125
2488,10,5,sparse,causal_round_robin,65,0.224209
2488,10,5,sparse,causal_round_robin,66,0.2355
2488,10,5,sparse,causal_round_robin,67,0.22575
2488,10,5,sparse,causal_round_robin,68,0.224291
2488,10,5,sparse,causal_round_robin,69,0.228875
2488,10,5,sparse,causal_round_robin,70,0.224042
2488,10,5,sparse,causal_round_robin,71,0.222208
2488,10,5,sparse,causal_round_robin,72,0.226583
2488,10,5,sparse,causal_round_robin,73,0.236458
2488,10,5,sparse,causal_round_robin,74,0.242334
2488,10,5,sparse,causal_round_robin,75,0.2255
2488,10,5,sparse,causal_round_robin,76,0.222
2488,10,5,sparse,causal_round_robin,77,0.227208
2488,10,5,sparse,causal_round_robin,78,0.228875
2488,10,5,sparse,causal_round_robin,79,0.223667
2488,10,5,sparse,causal_round_robin,80,0.229083
2488,10,5,sparse,causal_round_robin,81,0.228792
2488,10,5,sparse,causal_round_robin,82,0.225708
2488,10,5,sparse,causal_round_robin,83,0.228916
2488,10,5,sparse,causal_round_robin,84,0.223833
2488,10,5,sparse,causal_round_robin,85,0.227208
2488,10,5,sparse,causal_round_robin,86,0.227
2488,10,5,sparse,causal_round_robin,87,0.223417
2488,10,5,sparse,causal_round_robin,88,0.232208
2488,10,5,sparse,causal_round_robin,89,0.230917
2488,10,5,sparse,causal_round_robin,90,0.226542
2488,10,5,sparse,causal_round_robin,91,0.223875
2488,10,5,sparse,causal_round_robin,92,0.223625
2488,10,5,sparse,causal_round_robin,93,0.224125
2488,10,5,sparse,causal_round_robin,94,0.222625
2488,10,5,sparse,causal_round_robin,95,0.223042
2488,10,5,sparse,causal_round_robin,96,0.22275
2488,10,5,sparse,causal_round_robin,97,0.225042
2488,10,5,sparse,causal_round_robin,98,0.221542
2488,10,5,sparse,causal_round_robin,99,0.223334
2488,10,5,busy,ingress_dla,0,6.091334
2488,10,5,busy,ingress_dla,1,5.991292
2488,10,5,busy,ingress_dla,2,6.193083
2488,10,5,busy,ingress_dla,3,6.09675
2488,10,5,busy,ingress_dla,4,6.194542
2488,10,5,busy,ingress_dla,5,6.218459
2488,10,5,busy,ingress_dla,6,6.120083
2488,10,5,busy,ingress_dla,7,6.141583
2488,10,5,busy,ingress_dla,8,5.995208
2488,10,5,busy,ingress_dla,9,6.097458
2488,10,5,busy,ingress_dla,10,6.064041
2488,10,5,busy,ingress_dla,11,6.199583
2488,10,5,busy,ingress_dla,12,6.00475
2488,10,5,busy,ingress_dla,13,6.003958
2488,10,5,busy,ingress_dla,14,6.031375
2488,10,5,busy,ingress_dla,15,6.079792
2488,10,5,busy,ingress_dla,16,6.113709
2488,10,5,busy,ingress_dla,17,6.097
2488,10,5,busy,ingress_dla,18,6.124792
2488,10,5,busy,ingress_dla,19,6.154959
2488,10,5,busy,ingress_dla,20,5.957959
2488,10,5,busy,ingress_dla,21,6.068042
2488,10,5,busy,ingress_dla,22,6.122333
2488,10,5,busy,ingress_dla,23,5.971292
2488,10,5,busy,ingress_dla,24,6.03375
2488,10,5,busy,ingress_dla,25,6.141167
2488,10,5,busy,ingress_dla,26,5.993875
2488,10,5,busy,ingress_dla,27,6.089167
2488,10,5,busy,ingress_dla,28,6.049042
2488,10,5,busy,ingress_dla,29,6.223834
2488,10,5,busy,ingress_dla,30,6.152833
2488,10,5,busy,ingress_dla,31,6.117459
2488,10,5,busy,ingress_dla,32,6.129459
2488,10,5,busy,ingress_dla,33,6.155417
2488,10,5,busy,ingress_dla,34,6.062833
2488,10,5,busy,ingress_dla,35,6.175583
2488,10,5,busy,ingress_dla,36,6.106917
2488,10,5,busy,ingress_dla,37,6.09875
2488,10,5,busy,ingress_dla,38,6.221208
2488,10,5,busy,ingress_dla,39,6.111833
2488,10,5,busy,ingress_dla,40,6.229958
2488,10,5,busy,ingress_dla,41,6.015375
2488,10,5,busy,ingress_dla,42,6.212167
2488,10,5,busy,ingress_dla,43,6.309041
2488,10,5,busy,ingress_dla,44,6.123458
2488,10,5,busy,ingress_dla,45,6.0965
2488,10,5,busy,ingress_dla,46,6.04825
2488,10,5,busy,ingress_dla,47,6.137209
2488,10,5,busy,ingress_dla,48,6.174875
2488,10,5,busy,ingress_dla,49,6.236583
2488,10,5,busy,ingress_dla,50,5.931
2488,10,5,busy,ingress_dla,51,6.17925
2488,10,5,busy,ingress_dla,52,5.981042
2488,10,5,busy,ingress_dla,53,6.247292
2488,10,5,busy,ingress_dla,54,6.093625
2488,10,5,busy,ingress_dla,55,6.025875
2488,10,5,busy,ingress_dla,56,6.197917
2488,10,5,busy,ingress_dla,57,6.218
2488,10,5,busy,ingress_dla,58,6.121375
2488,10,5,busy,ingress_dla,59,6.160291
2488,10,5,busy,ingress_dla,60,5.944167
2488,10,5,busy,ingress_dla,61,6.24175
2488,10,5,busy,ingress_dla,62,6.230083
2488,10,5,busy,ingress_dla,63,6.065125
2488,10,5,busy,ingress_dla,64,6.042167
2488,10,5,busy,ingress_dla,65,6.110875
2488,10,5,busy,ingress_dla,66,6.164625
2488,10,5,busy,ingress_dla,67,6.119416
2488,10,5,busy,ingress_dla,68,6.078125
2488,10,5,busy,ingress_dla,69,6.14825
2488,10,5,busy,ingress_dla,70,6.09125
2488,10,5,busy,ingress_dla,71,6.157333
2488,10,5,busy,ingress_dla,72,6.071042
2488,10,5,busy,ingress_dla,73,6.12325
2488,10,5,busy,ingress_dla,74,6.071167
2488,10,5,busy,ingress_dla,75,6.07625
2488,10,5,busy,ingress_dla,76,6.084542
2488,10,5,busy,ingress_dla,77,6.179208
2488,10,5,busy,ingress_dla,78,6.119541
2488,10,5,busy,ingress_dla,79,6.091125
2488,10,5,busy,ingress_dla,80,6.103917
2488,10,5,busy,ingress_dla,81,6.046334
2488,10,5,busy,ingress_dla,82,6.063125
2488,10,5,busy,ingress_dla,83,6.075125
2488,10,5,busy,ingress_dla,84,6.096542
2488,10,5,busy,ingress_dla,85,6.147666
2488,10,5,busy,ingress_dla,86,6.200417
2488,10,5,busy,ingress_dla,87,6.013791
2488,10,5,busy,ingress_dla,88,6.162625
2488,10,5,busy,ingress_dla,89,6.085958
2488,10,5,busy,ingress_dla,90,6.119375
2488,10,5,busy,ingress_dla,91,6.163542
2488,10,5,busy,ingress_dla,92,6.137292
2488,10,5,busy,ingress_dla,93,6.163042
2488,10,5,busy,ingress_dla,94,6.077375
2488,10,5,busy,ingress_dla,95,6.089166
2488,10,5,busy,ingress_dla,96,6.076667
2488,10,5,busy,ingress_dla,97,6.210666
2488,10,5,busy,ingress_dla,98,6.218666
2488,10,5,busy,ingress_dla,99,6.14525
2488,10,5,busy,dla,0,5.815417
2488,10,5,busy,dla,1,5.831375
2488,10,5,busy,dla,2,5.781792
2488,10,5,busy,dla,3,5.885792
2488,10,5,busy,dla,4,5.850125
2488,10,5,busy,dla,5,5.76475
2488,10,5,busy,dla,6,5.84075
2488,10,5,busy,dla,7,5.878583
2488,10,5,busy,dla,8,5.890167
2488,10,5,busy,dla,9,5.909542
2488,10,5,busy,dla,10,5.7245
2488,10,5,busy,dla,11,5.889208
2488,10,5,busy,dla,12,5.8965
2488,10,5,busy,dla,13,5.773542
2488,10,5,busy,dla,14,5.70475
2488,10,5,busy,dla,15,5.7885
2488,10,5,busy,dla,16,5.775333
2488,10,5,busy,dla,17,5.842375
2488,10,5,busy,dla,18,5.771083
2488,10,5,busy,dla,19,5.724333
2488,10,5,busy,dla,20,5.814833
2488,10,5,busy,dla,21,5.828459
2488,10,5,busy,dla,22,5.866458
2488,10,5,busy,dla,23,5.82975
2488,10,5,busy,dla,24,5.933958
2488,10,5,busy,dla,25,5.84775
2488,10,5,busy,dla,26,5.929167
2488,10,5,busy,dla,27,5.806833
2488,10,5,busy,dla,28,5.810791
2488,10,5,busy,dla,29,5.840292
2488,10,5,busy,dla,30,5.876083
2488,10,5,busy,dla,31,5.944583
2488,10,5,busy,dla,32,5.773334
2488,10,5,busy,dla,33,5.759459
2488,10,5,busy,dla,34,5.806291
2488,10,5,busy,dla,35,5.797958
2488,10,5,busy,dla,36,5.733042
2488,10,5,busy,dla,37,5.682083
2488,10,5,busy,dla,38,5.749583
2488,10,5,busy,dla,39,5.768833
2488,10,5,busy,dla,40,5.744917
2488,10,5,busy,dla,41,5.727625
2488,10,5,busy,dla,42,5.814958
2488,10,5,busy,dla,43,5.927458
2488,10,5,busy,dla,44,5.746917
2488,10,5,busy,dla,45,5.9405
2488,10,5,busy,dla,46,5.884875
2488,10,5,busy,dla,47,5.836625
2488,10,5,busy,dla,48,5.821375
2488,10,5,busy,dla,49,5.79325
2488,10,5,busy,dla,50,5.748333
2488,10,5,busy,dla,51,5.878584
2488,10,5,busy,dla,52,5.812708
2488,10,5,busy,dla,53,5.75825
2488,10,5,busy,dla,54,5.935792
2488,10,5,busy,dla,55,5.951
2488,10,5,busy,dla,56,5.787542
2488,10,5,busy,dla,57,5.766833
2488,10,5,busy,dla,58,5.772833
2488,10,5,busy,dla,59,5.781625
2488,10,5,busy,dla,60,5.763625
2488,10,5,busy,dla,61,5.822958
2488,10,5,busy,dla,62,5.782375
2488,10,5,busy,dla,63,5.866417
2488,10,5,busy,dla,64,5.784958
2488,10,5,busy,dla,65,5.813917
2488,10,5,busy,dla,66,5.832542
2488,10,5,busy,dla,67,5.818416
2488,10,5,busy,dla,68,5.693958
2488,10,5,busy,dla,69,5.897958
2488,10,5,busy,dla,70,5.945458
2488,10,5,busy,dla,71,5.805834
2488,10,5,busy,dla,72,5.839375
2488,10,5,busy,dla,73,5.744375
2488,10,5,busy,dla,74,5.672583
2488,10,5,busy,dla,75,5.81775
2488,10,5,busy,dla,76,5.862042
2488,10,5,busy,dla,77,5.800875
2488,10,5,busy,dla,78,5.82025
2488,10,5,busy,dla,79,5.81
2488,10,5,busy,dla,80,5.914292
2488,10,5,busy,dla,81,5.835584
2488,10,5,busy,dla,82,5.818834
2488,10,5,busy,dla,83,5.805791
2488,10,5,busy,dla,84,5.880125
2488,10,5,busy,dla,85,5.816917
2488,10,5,busy,dla,86,5.836334
2488,10,5,busy,dla,87,5.761833
2488,10,5,busy,dla,88,5.871542
2488,10,5,busy,dla,89,5.791666
2488,10,5,busy,dla,90,5.758334
2488,10,5,busy,dla,91,5.935417
2488,10,5,busy,dla,92,5.895833
2488,10,5,busy,dla,93,5.682958
2488,10,5,busy,dla,94,5.85575
2488,10,5,busy,dla,95,5.783833
2488,10,5,busy,dla,96,5.716875
2488,10,5,busy,dla,97,5.735125
2488,10,5,busy,dla,98,5.824083
2488,10,5,busy,dla,99,5.925042
2488,10,5,busy,per_task_dla,0,0.629167
2488,10,5,busy,per_task_dla,1,0.622667
2488,10,5,busy,per_task_dla,2,0.614
2488,10,5,busy,per_task_dla,3,0.609125
2488,10,5,busy,per_task_dla,4,0.60975
2488,10,5,busy,per_task_dla,5,0.619833
2488,10,5,busy,per_task_dla,6,0.615083
2488,10,5,busy,per_task_dla,7,0.618667
2488,10,5,busy,per_task_dla,8,0.615375
2488,10,5,busy,per_task_dla,9,0.630917
2488,10,5,busy,per_task_dla,10,0.614125
2488,10,5,busy,per_task_dla,11,0.600458
2488,10,5,busy,per_task_dla,12,0.625584
2488,10,5,busy,per_task_dla,13,0.61425
2488,10,5,busy,per_task_dla,14,0.624334
2488,10,5,busy,per_task_dla,15,0.617458
2488,10,5,busy,per_task_dla,16,0.622833
2488,10,5,busy,per_task_dla,17,0.623875
2488,10,5,busy,per_task_dla,18,0.614125
2488,10,5,busy,per_task_dla,19,0.620791
2488,10,5,busy,per_task_dla,20,0.615583
2488,10,5,busy,per_task_dla,21,0.619959
2488,10,5,busy,per_task_dla,22,0.6195
2488,10,5,busy,per_task_dla,23,0.63925
2488,10,5,busy,per_task_dla,24,0.637833
2488,10,5,busy,per_task_dla,25,0.652083
2488,10,5,busy,per_task_dla,26,0.616542
2488,10,5,busy,per_task_dla,27,0.610334
2488,10,5,busy,per_task_dla,28,0.610375
2488,10,5,busy,per_task_dla,29,0.607458
2488,10,5,busy,per_task_dla,30,0.606542
2488,10,5,busy,per_task_dla,31,0.611
2488,10,5,busy,per_task_dla,32,0.609666
2488,10,5,busy,per_task_dla,33,0.612458
2488,10,5,busy,per_task_dla,34,0.611
2488,10,5,busy,per_task_dla,35,0.619083
2488,10,5,busy,per_task_dla,36,0.612
2488,10,5,busy,per_task_dla,37,0.614667
2488,10,5,busy,per_task_dla,38,0.620416
2488,10,5,busy,per_task_dla,39,0.624
2488,10,5,busy,per_task_dla,40,0.616042
2488,10,5,busy,per_task_dla,41,0.621542
2488,10,5,busy,per_task_dla,42,0.623083
2488,10,5,busy,per_task_dla,43,0.634958
2488,10,5,busy,per_task_dla,44,0.614416
2488,10,5,busy,per_task_dla,45,0.61925
2488,10,5,busy,per_task_dla,46,0.6435
2488,10,5,busy,per_task_dla,47,0.64325
2488,10,5,busy,per_task_dla,48,0.627667
2488,10,5,busy,per_task_dla,49,0.615875
2488,10,5,busy,per_task_dla,50,0.633375
2488,10,5,busy,per_task_dla,51,0.622375
2488,10,5,busy,per_task_dla,52,0.622666
2488,10,5,busy,per_task_dla,53,0.639625
2488,10,5,busy,per_task_dla,54,0.624042
2488,10,5,busy,per_task_dla,55,0.640458
2488,10,5,busy,per_task_dla,56,0.613792
2488,10,5,busy,per_task_dla,57,0.635708
2488,10,5,busy,per_task_dla,58,0.644917
2488,10,5,busy,per_task_dla,59,0.6085
2488,10,5,busy,per_task_dla,60,0.600334
2488,10,5,busy,per_task_dla,61,0.607875
2488,10,5,busy,per_task_dla,62,0.604
2488,10,5,busy,per_task_dla,63,0.609792
2488,10,5,busy,per_task_dla,64,0.613792
2488,10,5,busy,per_task_dla,65,0.615042
2488,10,5,busy,per_task_dla,66,0.616125
2488,10,5,busy,per_task_dla,67,0.621458
2488,10,5,busy,per_task_dla,68,0.61375
2488,10,5,busy,per_task_dla,69,0.62175
2488,10,5,busy,per_task_dla,70,0.614625
2488,10,5,busy,per_task_dla,71,0.625334
2488,10,5,busy,per_task_dla,72,0.621292
2488,10,5,busy,per_task_dla,73,0.619334
2488,10,5,busy,per_task_dla,74,0.636958
2488,10,5,busy,per_task_dla,75,0.610833
2488,10,5,busy,per_task_dla,76,0.620042
2488,10,5,busy,per_task_dla,77,0.6155
2488,10,5,busy,per_task_dla,78,0.606375
2488,10,5,busy,per_task_dla,79,0.619917
2488,10,5,busy,per_task_dla,80,0.605541
2488,10,5,busy,per_task_dla,81,0.61275
2488,10,5,busy,per_task_dla,82,0.610375
2488,10,5,busy,per_task_dla,83,0.606666
2488,10,5,busy,per_task_dla,84,0.617333
2488,10,5,busy,per_task_dla,85,0.619
2488,10,5,busy,per_task_dla,86,0.612875
2488,10,5,busy,per_task_dla,87,0.614791
2488,10,5,busy,per_task_dla,88,0.611542
2488,10,5,busy,per_task_dla,89,0.615167
2488,10,5,busy,per_task_dla,90,0.643292
2488,10,5,busy,per_task_dla,91,0.60725
2488,10,5,busy,per_task_dla,92,0.60475
2488,10,5,busy,per_task_dla,93,0.603042
2488,10,5,busy,per_task_dla,94,0.620458
2488,10,5,busy,per_task_dla,95,0.598542
2488,10,5,busy,per_task_dla,96,0.5985
2488,10,5,busy,per_task_dla,97,0.61075
2488,10,5,busy,per_task_dla,98,0.606792
2488,10,5,busy,per_task_dla,99,0.6125
2488,10,5,busy,causal_round_robin,0,0.19575
2488,10,5,busy,causal_round_robin,1,0.186875
2488,10,5,busy,causal_round_robin,2,0.184708
2488,10,5,busy,causal_round_robin,3,0.192875
2488,10,5,busy,causal_round_robin,4,0.187625
2488,10,5,busy,causal_round_robin,5,0.1845
2488,10,5,busy,causal_round_robin,6,0.193875
2488,10,5,busy,causal_round_robin,7,0.185541
2488,10,5,busy,causal_round_robin,8,0.184292
2488,10,5,busy,causal_round_robin,9,0.191792
2488,10,5,busy,causal_round_robin,10,0.185333
2488,10,5,busy,causal_round_robin,11,0.184708
2488,10,5,busy,causal_round_robin,12,0.18925
2488,10,5,busy,causal_round_robin,13,0.1855
2488,10,5,busy,causal_round_robin,14,0.198792
2488,10,5,busy,causal_round_robin,15,0.185292
2488,10,5,busy,causal_round_robin,16,0.185208
2488,10,5,busy,causal_round_robin,17,0.185125
2488,10,5,busy,causal_round_robin,18,0.1845
2488,10,5,busy,causal_round_robin,19,0.184792
2488,10,5,busy,causal_round_robin,20,0.191959
2488,10,5,busy,causal_round_robin,21,0.185083
2488,10,5,busy,causal_round_robin,22,0.210458
2488,10,5,busy,causal_round_robin,23,0.185334
2488,10,5,busy,causal_round_robin,24,0.197375
2488,10,5,busy,causal_round_robin,25,0.18375
2488,10,5,busy,causal_round_robin,26,0.1845
2488,10,5,busy,causal_round_robin,27,0.185292
2488,10,5,busy,causal_round_robin,28,0.185917
2488,10,5,busy,causal_round_robin,29,0.186
2488,10,5,busy,causal_round_robin,30,0.186208
2488,10,5,busy,causal_round_robin,31,0.1865
2488,10,5,busy,causal_round_robin,32,0.184875
2488,10,5,busy,causal_round_robin,33,0.183958
2488,10,5,busy,causal_round_robin,34,0.196292
2488,10,5,busy,causal_round_robin,35,0.1875
2488,10,5,busy,causal_round_robin,36,0.190041
2488,10,5,busy,causal_round_robin,37,0.183959
2488,10,5,busy,causal_round_robin,38,0.185333
2488,10,5,busy,causal_round_robin,39,0.18425
2488,10,5,busy,causal_round_robin,40,0.185666
2488,10,5,busy,causal_round_robin,41,0.185541
2488,10,5,busy,causal_round_robin,42,0.1835
2488,10,5,busy,causal_round_robin,43,0.211834
2488,10,5,busy,causal_round_robin,44,0.190542
2488,10,5,busy,causal_round_robin,45,0.180083
2488,10,5,busy,causal_round_robin,46,0.192541
2488,10,5,busy,causal_round_robin,47,0.18275
2488,10,5,busy,causal_round_robin,48,0.188875
2488,10,5,busy,causal_round_robin,49,0.181375
2488,10,5,busy,causal_round_robin,50,0.177375
2488,10,5,busy,causal_round_robin,51,0.178709
2488,10,5,busy,causal_round_robin,52,0.1915
2488,10,5,busy,causal_round_robin,53,0.194167
2488,10,5,busy,causal_round_robin,54,0.198167
2488,10,5,busy,causal_round_robin,55,0.189333
2488,10,5,busy,causal_round_robin,56,0.187458
2488,10,5,busy,causal_round_robin,57,0.178916
2488,10,5,busy,causal_round_robin,58,0.1815
2488,10,5,busy,causal_round_robin,59,0.17875
2488,10,5,busy,causal_round_robin,60,0.194292
2488,10,5,busy,causal_round_robin,61,0.186792
2488,10,5,busy,causal_round_robin,62,0.183417
2488,10,5,busy,causal_round_robin,63,0.183333
2488,10,5,busy,causal_round_robin,64,0.185458
2488,10,5,busy,causal_round_robin,65,0.180083
2488,10,5,busy,causal_round_robin,66,0.182833
2488,10,5,busy,causal_round_robin,67,0.186625
2488,10,5,busy,causal_round_robin,68,0.17825
2488,10,5,busy,causal_round_robin,69,0.182708
2488,10,5,busy,causal_round_robin,70,0.1865
2488,10,5,busy,causal_round_robin,71,0.180167
2488,10,5,busy,causal_round_robin,72,0.190208
2488,10,5,busy,causal_round_robin,73,0.203417
2488,10,5,busy,causal_round_robin,74,0.191416
2488,10,5,busy,causal_round_robin,75,0.19125
2488,10,5,busy,causal_round_robin,76,0.203375
2488,10,5,busy,causal_round_robin,77,0.196833
2488,10,5,busy,causal_round_robin,78,0.187583
2488,10,5,busy,causal_round_robin,79,0.200417
2488,10,5,busy,causal_round_robin,80,0.198041
2488,10,5,busy,causal_round_robin,81,0.185375
2488,10,5,busy,causal_round_robin,82,0.18825
2488,10,5,busy,causal_round_robin,83,0.185708
2488,10,5,busy,causal_round_robin,84,0.185542
2488,10,5,busy,causal_round_robin,85,0.188708
2488,10,5,busy,causal_round_robin,86,0.194958
2488,10,5,busy,causal_round_robin,87,0.193167
2488,10,5,busy,causal_round_robin,88,0.188875
2488,10,5,busy,causal_round_robin,89,0.185958
2488,10,5,busy,causal_round_robin,90,0.196042
2488,10,5,busy,causal_round_robin,91,0.190166
2488,10,5,busy,causal_round_robin,92,0.200375
2488,10,5,busy,causal_round_robin,93,0.18775
2488,10,5,busy,causal_round_robin,94,0.187583
2488,10,5,busy,causal_round_robin,95,0.188417
2488,10,5,busy,causal_round_robin,96,0.224625
2488,10,5,busy,causal_round_robin,97,0.191
2488,10,5,busy,causal_round_robin,98,0.184459
2488,10,5,busy,causal_round_robin,99,0.180542
